days,fips,new_case,new_death,retail_and_recreation_%change,grocery_and_pharmacy_%change,parks_%change,transit_stations_%change,workplaces_%change,residential_%change,actual cases,predicted cases,%error,%accuracy,predicted rounded,rounded %error,rounded %accuracy
89,12,891,4,-50,-26,-48,-63,-41,13,60,72.798,21.33,78.67,73,21.66666667,78.33333333
144,13,979,6,-18,2,62,-31,-18,5,1814,1667.454,8.078610805,91.9213892,1667,8.103638368,91.89636163
78,45,13,0,-19,11,10,-4,-21,9,1,0.287,71.3,28.7,0,100,0
325,51,2348,26,-18,-5,27,-31,-33,11,3938,3961.86,0.605891315,99.39410868,3962,0.60944642,99.39055358
208,1,1164,17,-13,-1,51,5,-18,4,1473,1481.698,0.590495587,99.40950441,1482,0.610997963,99.38900204
270,37,1759,31,-13,-1,73,-20,-10,2,3440,3335.791,3.029331395,96.9706686,3336,3.023255814,96.97674419
258,28,505,28,-3,7,26,7,-21,2,2734,2762.159,1.029956108,98.97004389,2762,1.024140454,98.97585955
131,28,173,5,-11,14,39,-14,-23,3,435,354.493,18.50735632,81.49264368,354,18.62068966,81.37931034
225,12,8059,212,-22,-15,-19,-42,-36,11,8765,8501.037,3.01155733,96.98844267,8501,3.011979464,96.98802054
321,1,1410,1,-12,-3,2,-9,-21,5,3249,3257.715,0.26823638,99.73176362,3258,0.27700831,99.72299169
280,12,2202,55,-22,-12,-30,-39,-30,8,14767,13741.519,6.944409833,93.05559017,13742,6.94115257,93.05884743
214,12,9591,179,-28,-11,-30,-46,-22,7,7022,6981.319,0.579336371,99.42066363,6981,0.583879237,99.41612076
330,13,3177,76,4,30,4,-20,-41,8,9297,8208.548,11.70756158,88.29243842,8209,11.7026998,88.2973002
288,1,784,41,-8,-2,22,-5,-23,5,2706,2673.916,1.185661493,98.81433851,2674,1.18255728,98.81744272
120,12,332,47,-38,-18,-36,-51,-45,18,1218,1018.787,16.35574713,83.64425287,1019,16.33825944,83.66174056
156,21,295,8,-9,8,48,-13,-33,10,458,515.2,12.48908297,87.51091703,515,12.44541485,87.55458515
192,13,4623,35,-13,-4,68,-31,-37,10,2965,3200.332,7.936998314,92.06300169,3200,7.925801012,92.07419899
205,28,1610,27,-5,0,27,2,-28,8,1463,1369.703,6.377101846,93.62289815,1370,6.356801094,93.64319891
199,12,11362,128,-25,-13,-20,-43,-37,13,4805,4761.226,0.911009365,99.08899063,4761,0.915712799,99.0842872
152,47,439,0,-6,7,105,-13,-14,2,366,405.486,10.78852459,89.21147541,405,10.6557377,89.3442623
282,13,1827,35,-13,-6,22,-29,-30,8,7294,7256.27,0.517274472,99.48272553,7256,0.520976145,99.47902386
295,28,958,8,-8,-5,21,7,-18,4,3231,3231.626,0.019374807,99.98062519,3232,0.03095017,99.96904983
83,45,103,2,-34,-7,-21,-25,-30,13,5,7.368,47.36,52.64,7,40,60
236,51,1558,28,-15,-4,96,-23,-15,3,2471,2429.863,1.664791582,98.33520842,2430,1.659247268,98.34075273
172,37,1549,15,-13,8,95,-16,-10,2,1212,1170.87,3.393564356,96.60643564,1171,3.382838284,96.61716172
240,47,1826,25,-9,-3,56,-13,-28,6,1673,1743.407,4.208427974,95.79157203,1743,4.184100418,95.81589958
106,51,389,13,-33,-12,1,-49,-50,21,208,170.48,18.03846154,81.96153846,170,18.26923077,81.73076923
220,47,2432,20,-8,-1,98,-10,-31,7,1206,1506.242,24.89568823,75.10431177,1506,24.87562189,75.12437811
184,12,10015,67,-16,-4,-10,-34,-37,11,3617,4027.201,11.34091789,88.65908211,4027,11.3353608,88.6646392
122,51,0,0,-30,-8,13,-45,-47,20,581,482.266,16.99380379,83.00619621,482,17.03958692,82.96041308
89,45,114,1,-38,-11,-4,-34,-34,9,16,6.471,59.55625,40.44375,6,62.5,37.5
206,37,2145,20,-12,-1,69,-23,-34,9,1746,1767.005,1.20303551,98.79696449,1767,1.202749141,98.79725086
180,13,2186,2,-14,-4,55,-31,-15,4,2778,2785.424,0.267242621,99.73275738,2785,0.251979842,99.74802016
257,28,144,9,-9,0,24,8,-19,1,2706,2735.617,1.094493718,98.90550628,2736,1.10864745,98.89135255
176,37,1724,20,-9,2,70,-22,-33,9,1271,1275.398,0.346026751,99.65397325,1275,0.314712825,99.68528718
229,1,853,2,-11,0,51,6,-17,3,1898,1957.204,3.119283456,96.88071654,1957,3.1085353,96.8914647
291,51,900,11,-13,1,99,-16,-11,2,3433,3331.231,2.96443344,97.03556656,3331,2.971162249,97.02883775
193,51,888,4,-17,3,118,-15,-12,3,1966,1638.178,16.67456765,83.32543235,1638,16.68362157,83.31637843
130,12,802,46,-33,-3,-26,-49,-28,9,1715,1529.946,10.7903207,89.2096793,1530,10.78717201,89.21282799
324,1,2424,72,-13,-1,-3,-9,-21,6,3419,3481.395,1.824948815,98.17505118,3481,1.81339573,98.18660427
186,28,226,4,-30,-2,53,-15,-30,5,1111,1106.744,0.383078308,99.61692169,1107,0.360036004,99.639964
307,21,1028,3,-12,-4,2,-11,-27,8,1492,1532.696,2.727613941,97.27238606,1533,2.747989276,97.25201072
221,1,1869,20,-12,3,68,12,-10,2,1751,1595.294,8.89240434,91.10759566,1595,8.909194746,91.09080525
143,1,294,9,-11,4,40,-3,-32,11,543,531.685,2.083793738,97.91620626,532,2.025782689,97.97421731
199,13,4233,28,-13,-3,69,-31,-38,10,3132,3172.201,1.283556833,98.71644317,3172,1.277139208,98.72286079
166,51,380,6,-17,-2,109,-23,-15,4,1552,1512.716,2.531185567,97.46881443,1513,2.512886598,97.4871134
154,51,666,21,-18,0,76,-35,-40,14,1428,1478.371,3.527380952,96.47261905,1478,3.50140056,96.49859944
201,45,2374,20,-10,3,57,8,-17,4,1155,1422.484,23.15878788,76.84121212,1422,23.11688312,76.88311688
195,45,1520,11,-6,3,55,-4,-30,8,972,952.412,2.015226337,97.98477366,952,2.057613169,97.94238683
254,21,795,22,-11,2,94,-8,-31,5,1035,1016.732,1.765024155,98.23497585,1017,1.739130435,98.26086957
200,47,2517,23,-11,6,131,1,-10,2,838,1550.571,85.0323389,14.9676611,1551,85.08353222,14.91646778
85,28,108,3,-24,-5,26,-13,-34,13,5,10.063,101.26,-1.26,10,100,0
259,37,1210,51,-10,0,79,-24,-30,7,3111,3054.611,1.812568306,98.18743169,3055,1.800064288,98.19993571
144,28,247,10,-9,8,45,-2,-16,4,625,566.504,9.35936,90.64064,567,9.28,90.72
146,45,82,5,-13,0,68,-18,-65,18,440,478.496,8.749090909,91.25090909,478,8.636363636,91.36363636
317,51,1235,27,-24,-13,-17,-40,-37,15,3785,6310.9,66.7344782,33.2655218,6311,66.73712021,33.26287979
259,21,718,9,-7,4,101,-3,-27,5,1074,1072.798,0.111918063,99.88808194,1073,0.09310987,99.90689013
152,51,791,17,-23,-4,96,-30,-17,5,1392,1440.203,3.462859195,96.5371408,1440,3.448275862,96.55172414
328,37,2419,5,-9,5,21,-31,-29,7,5039,4654.861,7.623318119,92.37668188,4655,7.620559635,92.37944037
293,37,1144,5,-11,-1,58,-21,-29,6,3939,3832.224,2.710738766,97.28926123,3832,2.716425489,97.28357451
228,47,1289,19,-10,3,97,-3,-11,2,1345,1361.576,1.232416357,98.76758364,1362,1.26394052,98.73605948
320,28,589,2,-11,-7,4,2,-18,3,3545,3555.417,0.293850494,99.70614951,3555,0.282087447,99.71791255
228,51,938,1,-22,-7,31,-22,-17,6,2382,2264.996,4.912006717,95.08799328,2265,4.911838791,95.08816121
244,47,1818,7,-8,-5,34,-16,-28,7,1754,1841.043,4.962542759,95.03745724,1841,4.96009122,95.03990878
280,21,1036,4,-10,1,69,-3,-29,5,1218,1215.022,0.244499179,99.75550082,1215,0.246305419,99.75369458
93,21,90,11,-33,-3,42,-30,-46,17,31,39.741,28.19677419,71.80322581,40,29.03225806,70.96774194
147,47,358,5,-7,4,54,-17,-32,10,344,355.426,3.321511628,96.67848837,355,3.197674419,96.80232558
130,1,284,8,-15,20,39,-3,-18,5,394,421.853,7.06928934,92.93071066,422,7.106598985,92.89340102
140,21,134,20,-20,4,30,-19,-37,13,366,470.939,28.67185792,71.32814208,471,28.68852459,71.31147541
222,12,6190,77,-25,-16,-18,-43,-22,6,8186,8368.36,2.227705839,97.77229416,8368,2.223308087,97.77669191
181,45,1324,4,-1,4,61,1,-29,8,720,726.036,0.838333333,99.16166667,726,0.833333333,99.16666667
168,28,489,24,6,10,57,3,-25,6,939,887.585,5.475505857,94.52449414,888,5.431309904,94.5686901
135,51,859,22,-29,-6,40,-42,-46,18,977,959.933,1.746878199,98.2531218,960,1.740020471,98.25997953
319,13,3035,51,-12,-6,41,-25,-9,3,8956,8620.861,3.742061188,96.25793881,8621,3.740509156,96.25949084
222,47,2127,8,-7,3,94,-6,-16,2,1223,1213.642,0.765167621,99.23483238,1214,0.735895339,99.26410466
106,1,288,2,-19,-2,10,-24,-40,15,75,103.523,38.03066667,61.96933333,104,38.66666667,61.33333333
126,1,367,23,-12,9,16,-14,-33,12,323,373.36,15.59133127,84.40866873,373,15.47987616,84.52012384
313,28,516,0,-10,-7,10,6,-16,2,3443,3455.537,0.364130119,99.63586988,3456,0.377577694,99.62242231
257,21,530,3,-14,-1,85,1,-13,1,1060,1064.423,0.417264151,99.58273585,1064,0.377358491,99.62264151
205,45,1564,49,-6,1,43,-2,-31,9,1334,1299.933,2.553748126,97.44625187,1300,2.548725637,97.45127436
163,21,62,9,-4,11,113,-7,-32,8,493,496.007,0.609939148,99.39006085,496,0.60851927,99.39148073
246,12,2310,127,-23,-16,-21,-41,-34,9,11501,11772.231,2.358325363,97.64167464,11772,2.356316842,97.64368316
195,13,3790,25,-10,-1,48,-34,-38,10,3026,3092.834,2.208658295,97.79134171,3093,2.214144085,97.78585592
97,47,170,21,-35,-9,3,-35,-43,16,65,86.555,33.16153846,66.83846154,87,33.84615385,66.15384615
161,45,428,11,0,7,59,5,-28,8,568,565.85,0.378521127,99.62147887,566,0.352112676,99.64788732
314,47,5919,15,-10,-5,33,-14,-23,7,3610,3886.637,7.663074792,92.33692521,3887,7.673130194,92.32686981
205,1,2458,36,-8,2,31,1,-30,9,1399,1466.343,4.813652609,95.18634739,1466,4.789135096,95.2108649
301,51,1345,16,-15,-4,50,-32,-34,10,3616,3627.37,0.314435841,99.68556416,3627,0.30420354,99.69579646
265,45,416,13,-7,-3,44,-6,-25,5,3212,3214.035,0.063356164,99.93664384,3214,0.062266501,99.9377335
280,51,509,12,-13,-2,67,-34,-35,9,3303,3309.953,0.210505601,99.7894944,3310,0.21192855,99.78807145
92,45,210,4,-30,-3,-26,-26,-40,15,26,24.805,4.596153846,95.40384615,25,3.846153846,96.15384615
334,28,1485,1,-23,-20,-34,14,-24,7,3807,6310.266,65.75429472,34.24570528,6310,65.74730759,34.25269241
76,12,6,1,-6,14,0,-16,-18,6,5,2.512,49.76,50.24,3,40,60
206,45,2001,51,-11,-2,37,-1,-31,9,1385,1395.105,0.729602888,99.27039711,1395,0.722021661,99.27797834
219,45,1325,49,-8,-2,34,-4,-31,9,1943,1931.74,0.579516212,99.42048379,1932,0.566134843,99.43386516
169,28,0,-1,8,9,55,8,-26,6,938,911.305,2.845948827,97.15405117,911,2.878464819,97.12153518
105,45,114,10,-29,-6,-11,-27,-41,15,97,109.921,13.32061856,86.67938144,110,13.40206186,86.59793814
305,1,1789,35,-11,6,47,-6,-9,-1,2967,2937.324,1.000202224,98.99979778,2937,1.011122346,98.98887765
133,12,941,44,-30,-12,-24,-45,-39,15,1779,1665.179,6.398032603,93.6019674,1665,6.408094435,93.59190556
329,12,8102,72,-11,1,-21,-28,-34,8,18157,17662.335,2.724376274,97.27562373,17662,2.726221292,97.27377871
304,21,1937,15,-9,3,45,-6,-26,6,1476,1479.953,0.267818428,99.73218157,1480,0.27100271,99.72899729
108,28,0,0,-27,-9,-6,-29,-39,16,140,132.878,5.087142857,94.91285714,133,5,95
72,13,33,1,8,24,23,-2,-1,0,1,2.154,115.4,-15.4,2,100,0
228,21,632,6,-10,8,183,4,-11,1,810,833.859,2.945555556,97.05444444,834,2.962962963,97.03703704
332,37,8008,72,-23,-15,51,-40,-60,16,5210,5378.644,3.236928983,96.76307102,5379,3.243761996,96.756238
289,21,1182,20,-12,1,41,-3,-27,7,1296,1290.167,0.45007716,99.54992284,1290,0.462962963,99.53703704
296,45,1128,47,-8,-4,29,-3,-23,6,3755,3719.583,0.943195739,99.05680426,3720,0.932090546,99.06790945
251,45,655,20,-8,-2,90,-8,-66,15,2907,2831.083,2.611523908,97.38847609,2831,2.614379085,97.38562092
273,13,1368,33,-16,-7,-21,-35,-31,10,6994,9182.642,31.29313697,68.70686303,9183,31.29825565,68.70174435
240,45,505,55,-9,-3,31,-5,-28,7,2628,2541.29,3.299467275,96.70053272,2541,3.310502283,96.68949772
316,13,2232,-397,-12,-8,-15,-33,-34,11,8333,8891.909,6.707176287,93.29282371,8892,6.708268331,93.29173167
214,47,2225,7,-6,7,108,1,-10,2,1067,1133.295,6.21321462,93.78678538,1133,6.18556701,93.81443299
297,1,3852,16,-11,-6,20,-8,-22,5,2859,3174.929,11.05033228,88.94966772,3175,11.05281567,88.94718433
185,47,1822,13,1,19,157,-11,-55,11,633,738.478,16.66319115,83.33680885,738,16.58767773,83.41232227
116,28,284,12,-26,-2,3,-25,-25,9,221,217.257,1.693665158,98.30633484,217,1.809954751,98.19004525
126,51,764,29,-28,-6,5,-45,-47,19,713,683.352,4.158204769,95.84179523,683,4.207573633,95.79242637
93,13,637,22,-29,11,-15,-46,-47,19,176,133.365,24.22443182,75.77556818,133,24.43181818,75.56818182
268,47,835,35,-12,-6,14,-16,-25,8,2310,2554.284,10.57506494,89.42493506,2554,10.56277056,89.43722944
142,1,347,10,-5,9,40,-4,-30,10,534,533.185,0.152621723,99.84737828,533,0.187265918,99.81273408
270,47,1437,22,-9,1,111,-8,-6,0,2374,2458.002,3.538416175,96.46158382,2458,3.538331929,96.46166807
156,45,354,7,-2,7,38,2,-28,9,525,555.294,5.770285714,94.22971429,555,5.714285714,94.28571429
206,28,1434,17,-12,-7,18,-1,-30,9,1480,1441.894,2.57472973,97.42527027,1442,2.567567568,97.43243243
133,37,301,27,-20,1,42,-31,-38,14,577,550.851,4.531889081,95.46811092,551,4.506065858,95.49393414
114,12,1052,60,-43,-21,-47,-55,-47,20,987,892.194,9.605471125,90.39452888,892,9.625126646,90.37487335
87,1,108,2,-30,-2,30,-24,-37,16,3,7.176,139.2,-39.2,7,133.3333333,-33.33333333
320,47,5817,16,-10,-2,16,-14,-15,3,3893,4076.751,4.720035962,95.27996404,4077,4.726432058,95.27356794
246,13,2386,62,-11,-6,35,-31,-34,8,5795,5656.84,2.384124245,97.61587575,5657,2.381363244,97.61863676
114,1,240,11,-35,-13,-31,-33,-42,20,198,307.441,55.27323232,44.72676768,307,55.05050505,44.94949495
148,37,488,28,-20,-6,-2,-32,-35,14,794,1052.863,32.60239295,67.39760705,1053,32.61964736,67.38035264
86,21,50,0,-33,-6,84,-27,-41,15,5,5.414,8.28,91.72,5,0,100
128,45,206,11,-15,4,10,-15,-35,13,316,311.972,1.274683544,98.72531646,312,1.265822785,98.73417722
286,12,1519,48,-22,-15,-24,-36,-33,8,15412,13506.536,12.36350895,87.63649105,13507,12.36049831,87.63950169
289,12,3286,141,-22,-13,-21,-34,-29,8,15736,15211.777,3.33136121,96.66863879,15212,3.329944077,96.67005592
192,37,2007,18,-12,0,85,-21,-34,9,1479,1513.813,2.353820149,97.64617985,1514,2.366463827,97.63353617
283,13,2011,54,-14,-8,27,-27,-31,8,7348,7366.999,0.258560152,99.74143985,7367,0.258573762,99.74142624
208,21,315,4,-11,2,136,2,-15,2,700,798.433,14.06185714,85.93814286,798,14,86
170,21,202,2,-6,9,93,-8,-32,8,520,527.601,1.461730769,98.53826923,528,1.538461538,98.46153846
174,37,805,3,-10,1,79,-23,-35,9,1223,1204.611,1.503597711,98.49640229,1205,1.471790679,98.52820932
102,12,997,27,-49,-20,-54,-65,-40,15,446,369.646,17.11973094,82.88026906,370,17.04035874,82.95964126
236,12,3004,51,-25,-16,-28,-44,-22,6,10325,10134.833,1.841811138,98.15818886,10135,1.840193705,98.1598063
230,28,1071,44,-7,-3,17,0,-27,5,2128,2132.368,0.205263158,99.79473684,2132,0.187969925,99.81203008
107,21,138,7,-28,-4,29,-31,-45,17,129,123.513,4.253488372,95.74651163,124,3.875968992,96.12403101
132,45,139,15,-13,1,24,-14,-33,11,346,343.959,0.589884393,99.41011561,344,0.578034682,99.42196532
245,21,789,15,-6,6,77,-6,-29,6,948,959.432,1.205907173,98.79409283,959,1.160337553,98.83966245
190,12,9882,112,-22,-12,-14,-39,-36,12,3953,4805.091,21.55555274,78.44444726,4805,21.5532507,78.4467493
236,13,1812,40,-17,-7,33,-32,-19,4,5132,4391.057,14.4377046,85.5622954,4391,14.43881528,85.56118472
95,51,395,6,-45,-14,4,-51,-34,14,52,41.671,19.86346154,80.13653846,42,19.23076923,80.76923077
96,1,208,5,-50,-18,-1,-40,-36,12,31,65.765,112.1451613,-12.14516129,66,112.9032258,-12.90322581
194,21,268,3,-10,3,122,1,-14,2,625,677.962,8.47392,91.52608,678,8.48,91.52
95,1,98,5,-41,8,4,-33,-26,11,26,36.628,40.87692308,59.12307692,37,42.30769231,57.69230769
293,51,926,28,-14,-5,41,-32,-33,10,3485,3499.607,0.419139168,99.58086083,3500,0.430416069,99.56958393
205,37,1945,28,-13,-2,44,-25,-35,11,1726,1866.602,8.146118192,91.85388181,1867,8.169177289,91.83082271
85,21,35,1,-33,-5,69,-23,-40,15,5,5.49,9.8,90.2,5,0,100
265,1,818,2,-9,-4,28,-5,-26,5,2439,2447.457,0.346740467,99.65325953,2447,0.32800328,99.67199672
263,45,922,11,-8,1,67,-2,-11,1,3188,3189.828,0.057340025,99.94265997,3190,0.062735257,99.93726474
171,1,803,13,-6,5,72,4,-29,6,823,767.048,6.79854192,93.20145808,767,6.804374241,93.19562576
98,21,141,6,-33,-3,55,-28,-47,16,65,61.082,6.027692308,93.97230769,61,6.153846154,93.84615385
218,47,1657,27,-3,5,101,-10,-32,7,1144,1124.49,1.70541958,98.29458042,1124,1.748251748,98.25174825
240,12,3229,135,-25,-16,-23,-41,-34,10,10868,10743.644,1.144239971,98.85576003,10744,1.140964299,98.8590357
179,12,9518,24,-26,-10,-13,-40,-17,6,3390,3963.489,16.91707965,83.08292035,3963,16.90265487,83.09734513
274,21,984,4,-9,2,68,-5,-27,5,1174,1176.739,0.23330494,99.76669506,1177,0.255536627,99.74446337
314,37,1521,8,-14,-3,27,-28,-28,7,4615,4335.932,6.046977248,93.95302275,4336,6.045503792,93.95449621
198,12,13764,156,-22,-10,-15,-41,-37,12,4677,4743.073,1.41272183,98.58727817,4743,1.411161001,98.588839
311,47,1373,32,-12,-7,38,-14,-23,6,3541,3682.828,4.005309235,95.99469077,3683,4.01016662,95.98983338
298,37,2584,30,-12,-1,100,-16,-10,1,4144,4122.725,0.513392857,99.48660714,4123,0.506756757,99.49324324
255,1,1138,32,-11,-6,38,-7,-26,4,2333,2304.533,1.220188598,98.7798114,2305,1.200171453,98.79982855
220,21,542,4,-9,4,159,-4,-32,7,764,761.548,0.320942408,99.67905759,762,0.261780105,99.7382199
127,13,802,69,-18,-2,17,-40,-42,15,1327,1343.832,1.268425019,98.73157498,1344,1.281085154,98.71891485
121,13,537,57,-23,-4,-15,-44,-45,18,1111,1156.229,4.071017102,95.9289829,1156,4.050405041,95.94959496
276,47,971,14,-7,-1,62,-10,-24,4,2515,2581.894,2.659801193,97.34019881,2582,2.664015905,97.3359841
99,13,1130,20,-39,-14,-6,-49,-52,20,371,262.478,29.25121294,70.74878706,262,29.38005391,70.61994609
318,1,2980,18,-12,-6,11,-11,-21,6,3231,3341.878,3.431692974,96.56830703,3342,3.435468895,96.5645311
328,47,4074,35,-5,2,18,-14,-28,8,4301,3805.226,11.52694722,88.47305278,3805,11.53220181,88.46779819
239,47,1936,20,-8,0,69,-16,-28,7,1648,1723.577,4.58598301,95.41401699,1724,4.611650485,95.38834951
240,28,599,14,-14,-10,8,-6,-24,8,2413,2382.055,1.282428512,98.71757149,2382,1.284707833,98.71529217
248,21,792,11,-8,6,133,3,-33,6,987,989.856,0.289361702,99.7106383,990,0.303951368,99.69604863
163,51,564,14,-17,-1,50,-35,-40,14,1534,1528.521,0.357170795,99.6428292,1529,0.325945241,99.67405476
243,12,2547,14,-27,-19,-34,-46,-23,6,11119,11221.809,0.924624517,99.07537548,11222,0.926342297,99.0736577
197,1,1805,45,-3,3,42,1,-31,8,1211,1204.191,0.562262593,99.43773741,1204,0.578034682,99.42196532
151,47,484,5,-9,8,133,-5,-5,1,366,443.891,21.28169399,78.71830601,444,21.31147541,78.68852459
289,45,1297,14,-8,-3,25,-2,-24,6,3607,3574.951,0.888522318,99.11147768,3575,0.887163848,99.11283615
304,28,824,6,-10,-6,0,8,-25,2,3334,3343.794,0.293761248,99.70623875,3344,0.299940012,99.70005999
100,1,339,0,-35,-4,5,-31,-43,18,48,86.897,81.03541667,18.96458333,87,81.25,18.75
129,28,288,13,-20,-3,-12,-19,-34,15,422,376.563,10.76706161,89.23293839,377,10.66350711,89.33649289
173,13,885,1,-14,0,50,-35,-18,2,2643,2403.53,9.060537268,90.93946273,2404,9.042754446,90.95724555
191,28,1031,11,-2,3,38,3,-29,8,1215,1126.009,7.32436214,92.67563786,1126,7.325102881,92.67489712
128,37,639,30,-22,2,29,-37,-40,15,507,599.41,18.22682446,81.77317554,599,18.14595661,81.85404339
135,21,145,2,-18,7,90,-17,-39,12,328,333.393,1.644207317,98.35579268,333,1.524390244,98.47560976
236,21,463,9,-11,2,123,1,-12,1,881,979.051,11.12951192,88.87048808,979,11.12372304,88.87627696
254,37,1307,32,-14,-3,49,-25,-33,7,2990,2851.417,4.634882943,95.36511706,2851,4.648829431,95.35117057
295,51,1332,9,-12,-3,56,-31,-34,10,3524,3547.935,0.679199773,99.32080023,3548,0.681044268,99.31895573
138,45,155,5,-12,4,51,-4,-23,5,385,422.612,9.769350649,90.23064935,423,9.87012987,90.12987013
220,51,1307,5,-14,-2,76,-31,-39,11,2322,2253.328,2.957450474,97.04254953,2253,2.971576227,97.02842377
284,47,1646,26,-17,-6,29,-8,-11,4,2758,2926.538,6.110877447,93.88912255,2927,6.127628716,93.87237128
317,12,5504,72,-24,-17,-40,-41,-34,12,17372,17150.69,1.273946581,98.72605342,17151,1.2721621,98.7278379
131,47,217,1,-12,14,50,-20,-23,3,243,287.848,18.45596708,81.54403292,288,18.51851852,81.48148148
187,47,1291,9,-14,-4,79,-8,-21,3,646,869.098,34.53529412,65.46470588,869,34.52012384,65.47987616
161,12,1070,53,-20,-10,-20,-41,-32,12,2765,2588.312,6.390162749,93.60983725,2588,6.401446655,93.59855335
157,21,272,8,-10,9,105,-10,-33,10,466,469.88,0.832618026,99.16738197,470,0.858369099,99.1416309
94,13,488,22,-37,0,4,-50,-48,20,198,119.253,39.77121212,60.22878788,119,39.8989899,60.1010101
309,28,1612,8,-7,-5,5,7,-17,4,3405,3427.563,0.662643172,99.33735683,3428,0.675477239,99.32452276
235,1,900,15,-13,0,53,2,-9,3,2011,2005.766,0.260268523,99.73973148,2006,0.248632521,99.75136748
244,45,668,11,-8,-3,26,-9,-27,6,2720,2674.915,1.657536765,98.34246324,2675,1.654411765,98.34558824
173,21,120,2,-11,7,89,-4,-13,1,526,553.517,5.231368821,94.76863118,554,5.323193916,94.67680608
149,21,107,9,-8,10,74,-12,-34,10,409,433.228,5.923716381,94.07628362,433,5.86797066,94.13202934
308,47,1770,75,-3,4,44,-15,-27,7,3454,3548.435,2.734076433,97.26592357,3548,2.721482339,97.27851766
291,37,2102,19,-10,-1,97,-13,-11,1,3929,3575.179,9.005370323,90.99462968,3575,9.00992619,90.99007381
306,13,1435,2,-12,-7,24,-28,-16,3,7981,8039.875,0.737689513,99.26231049,8040,0.739255732,99.26074427
111,45,62,4,-30,-11,-25,-33,-40,16,124,148.391,19.67016129,80.32983871,148,19.35483871,80.64516129
288,45,926,17,-7,-3,27,-5,-24,6,3593,3565.742,0.758641804,99.2413582,3566,0.751461175,99.24853883
306,47,754,0,-8,-1,38,-12,-16,2,3353,3535.612,5.446227259,94.55377274,3536,5.457798986,94.54220101
201,13,3193,5,-15,-4,51,-31,-21,4,3173,3117.255,1.756854712,98.24314529,3117,1.76489127,98.23510873
282,21,868,11,-11,0,77,-3,-29,6,1234,1231.112,0.234035656,99.76596434,1231,0.243111831,99.75688817
270,21,970,5,-11,4,175,3,-7,0,1154,1156.627,0.227642981,99.77235702,1157,0.259965338,99.74003466
268,13,1608,49,-17,-11,-24,-33,-32,11,6822,9381.201,37.51394019,62.48605981,9381,37.51099384,62.48900616
104,21,85,7,-37,-13,-16,-39,-46,19,104,92.943,10.63173077,89.36826923,93,10.57692308,89.42307692
251,37,1039,7,-12,-1,134,-31,-69,14,2897,2687.691,7.225025889,92.77497411,2688,7.214359682,92.78564032
176,13,1835,11,-10,-3,25,-33,-36,11,2698,2726.978,1.074054855,98.92594514,2727,1.074870274,98.92512973
326,28,779,19,-11,-4,19,19,-11,2,3676,3648.662,0.743688792,99.25631121,3649,0.734494015,99.26550598
302,51,1429,20,-12,-3,40,-31,-34,10,3636,3665.104,0.800440044,99.19955996,3665,0.797579758,99.20242024
112,1,244,33,-23,-4,18,-23,-38,15,180,328.03,82.23888889,17.76111111,328,82.22222222,17.77777778
102,47,0,2,-40,2,11,-36,-33,10,100,93.571,6.429,93.571,94,6,94
300,21,924,3,-14,-5,12,-7,-26,8,1410,1430.18,1.431205674,98.56879433,1430,1.418439716,98.58156028
190,21,400,6,-4,8,97,-5,-32,8,608,625.531,2.883388158,97.11661184,626,2.960526316,97.03947368
314,51,1435,13,-17,-8,29,-36,-32,11,3726,3727.632,0.043800322,99.95619968,3728,0.053676865,99.94632313
168,47,670,10,2,7,108,-12,-28,7,493,502.161,1.85821501,98.14178499,502,1.825557809,98.17444219
297,28,1212,17,-13,-11,6,1,-19,4,3255,3265.657,0.327403994,99.67259601,3266,0.337941628,99.66205837
303,45,1100,13,-9,-7,-1,-7,-27,7,3889,3840.282,1.25271278,98.74728722,3840,1.259964001,98.740036
90,28,90,4,-26,-6,4,-23,-34,13,20,16.732,16.34,83.66,17,15,85
242,51,938,1,-19,-4,46,-22,-14,5,2569,2535.611,1.299688595,98.70031141,2536,1.284546516,98.71545348
317,28,1305,5,-12,-8,9,3,-18,5,3519,3526.669,0.21793123,99.78206877,3527,0.227337312,99.77266269
154,28,301,14,5,8,43,3,-25,7,782,774.515,0.957161125,99.04283887,775,0.895140665,99.10485934
103,28,300,5,-63,-44,-50,-49,-43,14,98,91.212,6.926530612,93.07346939,91,7.142857143,92.85714286
278,37,610,5,-11,-2,35,-21,-15,1,3634,3520.984,3.109961475,96.89003853,3521,3.109521189,96.89047881
334,51,1893,4,-20,-12,19,-18,-15,5,4062,4381.063,7.854825209,92.14517479,4381,7.853274249,92.14672575
152,21,0,0,-9,10,153,-4,-13,2,431,479.649,11.287471,88.712529,480,11.36890951,88.63109049
188,13,1642,18,-12,-4,20,-32,-41,11,2878,2728.207,5.20476025,94.79523975,2728,5.211952745,94.78804726
234,51,1212,7,-15,-5,74,-31,-39,11,2443,2442.25,0.030699959,99.96930004,2442,0.040933279,99.95906672
110,1,223,52,-45,-24,-44,-45,-37,12,165,565.863,242.9472727,-142.9472727,566,243.030303,-143.030303
174,28,1646,40,-4,0,17,2,-28,7,978,981.62,0.370143149,99.62985685,982,0.408997955,99.59100204
325,1,2463,32,-12,-4,7,-7,-21,6,3451,3345.377,3.060649087,96.93935091,3345,3.071573457,96.92842654
268,1,1053,-8,-17,-10,-14,-12,-25,8,2480,2874.391,15.9028629,84.0971371,2874,15.88709677,84.11290323
218,51,818,25,-9,0,79,-31,-41,11,2299,2137.331,7.032144411,92.96785559,2137,7.046541975,92.95345803
293,13,1134,19,-14,-6,35,-30,-28,7,7657,7684.762,0.362570197,99.6374298,7685,0.365678464,99.63432154
109,21,185,7,-34,-3,67,-29,-29,9,144,149.821,4.042361111,95.95763889,150,4.166666667,95.83333333
278,12,1813,43,-23,-15,-44,-42,-22,5,14671,14310.051,2.460289006,97.53971099,14310,2.46063663,97.53936337
210,1,1260,1,-9,-1,24,-4,-30,9,1493,1516.895,1.600468855,98.39953115,1517,1.607501674,98.39249833
118,21,72,5,-20,-1,55,-27,-42,15,213,223.813,5.076525822,94.92347418,224,5.164319249,94.83568075
311,51,2103,22,-17,-8,41,-32,-32,11,3704,3817.754,3.071112311,96.92888769,3818,3.07775378,96.92224622
90,45,151,2,-30,-8,-1,-30,-36,13,18,14.149,21.39444444,78.60555556,14,22.22222222,77.77777778
83,47,110,0,-32,-2,-16,-27,-34,15,2,3.568,78.4,21.6,4,100,0
189,47,1359,12,-1,5,103,-9,-33,8,665,703.435,5.779699248,94.22030075,703,5.714285714,94.28571429
266,21,814,7,-11,0,79,-4,-28,6,1119,1112.99,0.537086685,99.46291332,1113,0.536193029,99.46380697
320,21,1449,3,-17,-3,16,-6,-13,4,1661,1740.653,4.795484648,95.20451535,1741,4.816375677,95.18362432
274,45,308,19,-5,-3,23,-6,-25,5,3378,3377.055,0.027975133,99.97202487,3377,0.029603316,99.97039668
223,51,996,17,-12,-4,69,-34,-39,11,2344,2307.81,1.54394198,98.45605802,2308,1.535836177,98.46416382
246,37,1216,38,-12,-4,45,-25,-33,8,2779,2756.944,0.793666787,99.20633321,2757,0.791651673,99.20834833
265,12,1671,21,-24,-17,-32,-40,-33,9,13317,13440.949,0.930757678,99.06924232,13441,0.931140647,99.06885935
287,12,2657,119,-22,-13,-21,-37,-30,8,15531,15190.975,2.189331015,97.81066898,15191,2.189170047,97.81082995
142,51,813,37,-27,-6,14,-41,-45,18,1136,1106.83,2.56778169,97.43221831,1107,2.552816901,97.4471831
90,13,389,19,-34,-10,2,-47,-44,16,103,57.643,44.03592233,55.96407767,58,43.68932039,56.31067961
145,51,1483,37,-29,-7,62,-40,-27,7,1208,1290.654,6.842218543,93.15778146,1291,6.870860927,93.12913907
277,12,2726,74,-22,-14,-33,-42,-19,4,14628,14607.57,0.139663659,99.86033634,14608,0.136724091,99.86327591
86,45,32,2,-31,-6,-5,-24,-35,15,9,7.108,21.02222222,78.97777778,7,22.22222222,77.77777778
101,37,257,9,-36,-6,12,-52,-57,21,74,102.432,38.42162162,61.57837838,102,37.83783784,62.16216216
253,12,2006,200,-24,-17,-29,-42,-33,9,12115,12455.546,2.810945109,97.18905489,12456,2.81469253,97.18530747
175,37,854,28,-9,3,77,-21,-34,10,1251,1122.423,10.27793765,89.72206235,1122,10.3117506,89.6882494
205,12,10171,173,-25,-16,-31,-43,-37,13,5518,5516.172,0.033127945,99.96687206,5516,0.036245016,99.96375498
109,47,433,4,-33,-4,2,-28,-27,9,145,178.339,22.99241379,77.00758621,178,22.75862069,77.24137931
252,12,1797,44,-25,-15,-30,-38,-35,9,11915,12266.617,2.951044901,97.0489551,12267,2.954259337,97.04574066
88,13,225,14,-39,-10,14,-43,-28,12,79,46.257,41.44683544,58.55316456,46,41.7721519,58.2278481
190,45,1557,38,-5,2,36,-1,-32,9,884,976.365,10.44852941,89.55147059,976,10.40723982,89.59276018
228,45,1041,56,-12,0,50,3,-13,3,2260,2163.713,4.260486726,95.73951327,2164,4.247787611,95.75221239
330,21,3301,26,-5,27,1,-6,-38,9,1835,2356.26,28.40653951,71.59346049,2356,28.39237057,71.60762943
330,12,8126,97,-4,15,-20,-24,-37,7,18254,16346.108,10.45191191,89.54808809,16346,10.45250356,89.54749644
222,1,981,17,-11,1,49,5,-17,3,1768,1876.657,6.145757919,93.85424208,1877,6.165158371,93.83484163
180,1,1245,1,-10,1,58,11,-13,3,924,970.058,4.984632035,95.01536797,970,4.978354978,95.02164502
101,47,228,4,-36,-5,-5,-39,-53,20,98,94.463,3.609183673,96.39081633,94,4.081632653,95.91836735
153,12,651,9,-21,-9,-24,-42,-33,11,2460,2359.866,4.070487805,95.9295122,2360,4.06504065,95.93495935
274,28,696,10,-4,-3,20,9,-19,3,2979,2984.828,0.19563612,99.80436388,2985,0.201409869,99.79859013
214,51,981,3,-16,3,93,-16,-13,4,2218,1870.688,15.6587917,84.3412083,1871,15.64472498,84.35527502
102,51,568,9,-40,-9,17,-49,-36,13,130,165.556,27.35076923,72.64923077,166,27.69230769,72.30769231
149,1,467,10,-6,7,31,-4,-28,10,594,605.106,1.86969697,98.13030303,605,1.851851852,98.14814815
154,21,139,3,-5,12,95,-10,-32,9,442,466.489,5.540497738,94.45950226,466,5.429864253,94.57013575
257,47,933,14,-12,-3,49,-12,-18,2,2078,2273.302,9.398556304,90.6014437,2273,9.384023099,90.6159769
125,51,0,0,-26,-7,39,-45,-45,17,684,591.46,13.52923977,86.47076023,591,13.59649123,86.40350877
242,12,3132,148,-26,-16,-22,-45,-20,5,11105,11090.433,0.131175146,99.86882485,11090,0.135074291,99.86492571
248,47,1051,22,-7,0,83,-6,-30,5,1837,1845.378,0.456069679,99.54393032,1845,0.435492651,99.56450735
302,21,1857,14,-13,-1,31,-7,-25,7,1442,1481.732,2.755339806,97.24466019,1482,2.773925104,97.2260749
246,21,806,18,-10,1,64,-8,-30,7,966,990.659,2.552691511,97.44730849,991,2.587991718,97.41200828
103,13,157,15,-63,-42,-57,-65,-49,14,447,155.366,65.24250559,34.75749441,155,65.32438479,34.67561521
267,28,737,4,-11,-9,0,1,-20,6,2874,2889.38,0.535142658,99.46485734,2889,0.521920668,99.47807933
320,13,2084,1,-14,-7,13,-29,-16,3,8957,8707.299,2.787774925,97.21222508,8707,2.791113096,97.2088869
321,51,2125,30,-17,-6,13,-36,-32,11,3835,3908.474,1.915880052,98.08411995,3908,1.903520209,98.09647979
122,13,935,56,-21,-2,45,-41,-43,15,1167,1157.053,0.85235647,99.14764353,1157,0.856898029,99.14310197
160,51,487,19,-16,-3,70,-35,-38,13,1496,1498.64,0.176470588,99.82352941,1499,0.200534759,99.79946524
288,37,1926,40,-11,-3,49,-23,-29,7,3856,3785.634,1.824844398,98.1751556,3786,1.815352697,98.1846473
92,13,570,24,-30,1,-5,-44,-47,18,154,138.331,10.17467532,89.82532468,138,10.38961039,89.61038961
262,45,872,19,-9,-4,23,-7,-26,5,3177,3157.21,0.622914699,99.3770853,3157,0.629524709,99.37047529
226,37,1978,38,-12,-2,41,-24,-35,9,2287,2273.518,0.589505903,99.4104941,2274,0.568430258,99.43156974
178,21,242,7,-9,6,141,-3,-32,8,553,561.215,1.485533454,98.51446655,561,1.446654611,98.55334539
206,21,784,7,-11,3,135,-6,-32,8,691,714.234,3.362373372,96.63762663,714,3.328509407,96.67149059
95,13,422,10,-50,-18,-18,-53,-36,16,208,81.407,60.86201923,39.13798077,81,61.05769231,38.94230769
164,28,865,21,-4,2,50,2,-26,6,889,882.71,0.707536558,99.29246344,883,0.674915636,99.32508436
188,51,638,28,-11,-1,75,-29,-42,12,1881,1822.324,3.119404572,96.88059543,1822,3.136629452,96.86337055
238,21,669,10,-12,1,80,-9,-32,7,895,914.16,2.140782123,97.85921788,914,2.122905028,97.87709497
228,37,1662,30,-16,-3,41,-20,-15,4,2343,2206.191,5.839052497,94.1609475,2206,5.847204439,94.15279556
113,28,437,18,-18,-2,-5,-21,-38,14,201,206.29,2.631840796,97.3681592,206,2.487562189,97.51243781
260,13,2669,21,-16,-12,-8,-36,-33,10,6419,7135.252,11.15831126,88.84168874,7135,11.15438542,88.84561458
248,13,2298,63,-11,-4,56,-23,-35,7,5931,5795.425,2.285870848,97.71412915,5795,2.293036587,97.70696341
122,12,1038,46,-36,-13,-27,-51,-43,18,1314,1231.195,6.301750381,93.69824962,1231,6.316590563,93.68340944
300,13,1346,18,-15,-6,25,-30,-28,7,7827,7842.389,0.196614284,99.80338572,7842,0.191644308,99.80835569
139,45,126,6,-10,-1,15,-14,-30,11,391,419.061,7.176726343,92.82327366,419,7.16112532,92.83887468
284,21,989,7,-12,2,111,6,-9,2,1249,1249.05,0.004003203,99.9959968,1249,0,100
195,37,1846,7,-9,2,77,-23,-35,9,1510,1558.585,3.217549669,96.78245033,1559,3.245033113,96.75496689
300,51,1134,19,-16,-6,24,-34,-32,11,3600,3591.42,0.238333333,99.76166667,3591,0.25,99.75
134,13,558,41,-16,-2,32,-39,-40,14,1505,1484.291,1.376013289,98.62398671,1484,1.395348837,98.60465116
324,37,4296,38,-15,-2,2,-31,-28,9,4936,5254.543,6.453464344,93.54653566,5255,6.462722853,93.53727715
191,12,8891,56,-22,-10,-12,-39,-36,12,4009,3888.275,3.011349464,96.98865054,3888,3.01820903,96.98179097
192,21,425,8,-10,5,127,-4,-33,8,620,629.524,1.536129032,98.46387097,630,1.612903226,98.38709677
297,47,3606,65,-10,-5,64,-9,-24,5,3076,3245.972,5.525747724,94.47425228,3246,5.526657997,94.473342
213,13,4308,81,-11,-3,63,-30,-37,9,3752,3756.678,0.124680171,99.87531983,3757,0.13326226,99.86673774
221,45,1241,45,-10,3,80,7,-11,2,2007,1618.027,19.38081714,80.61918286,1618,19.38216243,80.61783757
190,1,1170,25,-3,3,40,1,-31,8,1057,1084.606,2.611731315,97.38826868,1085,2.649006623,97.35099338
121,1,201,20,-18,3,15,-18,-37,14,280,310.65,10.94642857,89.05357143,311,11.07142857,88.92857143
103,12,892,15,-66,-49,-63,-69,-50,15,461,336.812,26.93882863,73.06117137,337,26.89804772,73.10195228
293,1,859,1,-12,-4,18,-8,-22,5,2789,2799.55,0.378271782,99.62172822,2800,0.394406597,99.6055934
155,45,236,17,2,8,49,3,-28,8,518,549.782,6.135521236,93.86447876,550,6.177606178,93.82239382
87,37,128,1,-35,-6,38,-45,-39,16,3,6.653,121.7666667,-21.76666667,7,133.3333333,-33.33333333
249,37,1586,50,-12,2,121,-14,-16,1,2889,2813.315,2.619764624,97.38023538,2813,2.630668051,97.36933195
250,37,1099,1,-9,1,105,-23,-19,1,2890,2747.933,4.915813149,95.08418685,2748,4.91349481,95.08650519
235,51,0,0,-18,-1,88,-18,-13,3,2443,2115.217,13.41723291,86.58276709,2115,13.42611543,86.57388457
223,21,272,2,-9,0,65,-9,-32,9,775,1058.528,36.58425806,63.41574194,1059,36.64516129,63.35483871
218,45,1282,47,-7,-2,34,-4,-32,8,1894,1879.196,0.781626188,99.21837381,1879,0.791974657,99.20802534
211,47,1778,21,-4,2,87,-13,-32,8,1020,1421.898,39.40176471,60.59823529,1422,39.41176471,60.58823529
129,47,346,4,-21,-1,-21,-26,-37,15,241,338.751,40.56058091,59.43941909,339,40.66390041,59.33609959
143,13,1031,50,-16,-1,51,-33,-38,13,1808,1812.043,0.223617257,99.77638274,1812,0.221238938,99.77876106
191,13,2838,8,-10,-1,21,-32,-38,12,2930,2978.372,1.650921502,98.3490785,2978,1.638225256,98.36177474
117,12,684,19,-47,-23,-52,-63,-40,12,1074,985.693,8.222253259,91.77774674,986,8.193668529,91.80633147
264,1,798,0,-11,-2,46,-2,-16,2,2437,2436.793,0.00849405,99.99150595,2437,0,100
252,13,1744,26,-14,-4,28,-29,-35,9,6070,6003.433,1.096655684,98.90334432,6003,1.103789127,98.89621087
321,28,905,36,-11,-7,-1,3,-18,4,3581,3596.838,0.442278693,99.55772131,3597,0.446802569,99.55319743
261,12,3273,147,-24,-16,-24,-39,-33,9,13086,12855.504,1.761393856,98.23860614,12856,1.757603546,98.24239645
173,51,471,9,-16,1,104,-22,-14,3,1620,1524.477,5.896481481,94.10351852,1524,5.925925926,94.07407407
212,47,2049,13,-6,0,62,-12,-33,8,1033,1245.353,20.55692159,79.44307841,1245,20.52274927,79.47725073
289,37,2532,18,-11,-1,52,-20,-29,7,3874,3941.954,1.754104285,98.24589572,3942,1.755291688,98.24470831
226,13,2816,82,-12,-4,17,-30,-37,10,4538,4560.993,0.50667695,99.49332305,4561,0.506831203,99.4931688
86,12,491,6,-40,-14,-34,-51,-42,18,29,40.988,41.33793103,58.66206897,41,41.37931034,58.62068966
163,13,1101,46,-9,2,44,-35,-35,11,2375,2282.29,3.903578947,96.09642105,2282,3.915789474,96.08421053
181,47,2125,8,-3,-1,65,-11,-31,9,592,780.825,31.89611486,68.10388514,781,31.92567568,68.07432432
295,21,1452,21,-11,0,75,-3,-25,6,1363,1368.27,0.386647102,99.6133529,1368,0.366837858,99.63316214
128,47,228,-2,-12,6,35,-20,-35,11,237,262.519,10.76751055,89.23248945,263,10.97046414,89.02953586
270,13,1442,40,-13,-6,58,-25,-11,2,6914,6765.329,2.150289268,97.84971073,6765,2.155047729,97.84495227
234,47,1669,61,-12,-6,47,-14,-30,8,1549,1882.657,21.54015494,78.45984506,1883,21.56229826,78.43770174
87,13,524,5,-35,-9,33,-45,-42,18,65,35.037,46.09692308,53.90307692,35,46.15384615,53.84615385
257,12,2395,8,-27,-18,-42,-46,-23,6,12608,12131.728,3.777538071,96.22246193,12132,3.775380711,96.22461929
279,1,544,1,-7,-2,21,-6,-24,4,2559,2559.543,0.021219226,99.97878077,2560,0.039077765,99.96092224
197,37,1816,16,-9,1,64,-25,-35,9,1568,1687.906,7.647066327,92.35293367,1688,7.653061224,92.34693878
240,13,2819,82,-15,-7,20,-33,-33,10,5393,5376.803,0.300333766,99.69966623,5377,0.296680883,99.70331912
316,28,1271,17,-7,-5,6,5,-24,6,3514,3521.342,0.208935686,99.79106431,3521,0.199203187,99.80079681
221,21,962,8,-9,10,236,12,-8,0,772,1059.587,37.25220207,62.74779793,1060,37.30569948,62.69430052
249,51,1199,1,-14,3,144,-16,-16,1,2678,2352.392,12.15862584,87.84137416,2352,12.17326363,87.82673637
162,21,175,7,-4,11,81,-9,-32,9,484,494.045,2.075413223,97.92458678,494,2.066115702,97.9338843
253,13,2192,58,-14,-7,37,-31,-34,8,6128,6182.022,0.881560052,99.11843995,6182,0.881201044,99.11879896
149,37,784,33,-15,0,21,-30,-34,13,827,1000.111,20.93240629,79.06759371,1000,20.91898428,79.08101572
311,28,1031,14,-13,-12,0,1,-18,4,3433,3459.3,0.766093796,99.2339062,3459,0.757355083,99.24264492
166,21,0,0,-8,7,141,-1,-13,1,499,557.317,11.68677355,88.31322645,557,11.62324649,88.37675351
157,51,865,7,-22,-3,50,-35,-40,15,1460,1440.693,1.32239726,98.67760274,1441,1.301369863,98.69863014
107,47,426,7,-25,-3,1,-31,-42,15,141,173.506,23.05390071,76.94609929,174,23.40425532,76.59574468
216,51,1145,26,-12,0,27,-36,-40,13,2244,2179.363,2.88043672,97.11956328,2179,2.896613191,97.10338681
301,12,4226,56,-21,-12,-23,-36,-29,8,16505,16473.283,0.19216601,99.80783399,16473,0.193880642,99.80611936
286,28,1009,14,-10,-8,18,4,-27,6,3115,3102.131,0.413130016,99.58686998,3102,0.417335474,99.58266453
309,47,3445,24,-12,-4,35,-18,-23,7,3478,3673.555,5.622627947,94.37737205,3674,5.635422657,94.36457734
148,28,328,21,1,5,22,-2,-28,9,692,662.28,4.294797688,95.70520231,662,4.335260116,95.66473988
285,45,785,1,-11,-5,3,6,-16,4,3552,3540.94,0.311373874,99.68862613,3541,0.309684685,99.69031532
206,1,1792,40,-11,-3,37,0,-30,10,1439,1382.378,3.934815844,96.06518416,1382,3.961084086,96.03891591
284,45,945,21,-12,-3,31,-5,-10,3,3551,3565.843,0.417994931,99.58200507,3566,0.422416221,99.57758378
319,28,969,3,-10,-6,23,6,-11,2,3543,3544.831,0.051679368,99.94832063,3545,0.056449337,99.94355066
202,12,10287,90,-23,-14,-20,-42,-37,11,5072,5093.077,0.415555994,99.58444401,5093,0.414037855,99.58596215
320,37,3117,50,-14,-4,13,-28,-14,3,4806,4794.211,0.245297545,99.75470246,4794,0.24968789,99.75031211
324,28,1638,23,-11,-5,2,4,-19,5,3642,3629.014,0.356562328,99.64343767,3629,0.356946733,99.64305327
184,28,0,0,10,13,41,10,-31,7,1092,1073.685,1.677197802,98.3228022,1074,1.648351648,98.35164835
250,45,663,10,0,5,96,3,-20,1,2887,2793.358,3.243574645,96.75642536,2793,3.255975061,96.74402494
248,28,823,22,-8,-3,30,13,-26,4,2558,2579.821,0.853049257,99.14695074,2580,0.860046912,99.13995309
164,45,729,5,-6,5,44,4,-29,8,593,610.649,2.976222597,97.0237774,611,3.035413153,96.96458685
146,13,532,3,-23,-4,67,-51,-70,20,1830,1758.226,3.922076503,96.0779235,1758,3.93442623,96.06557377
155,21,225,8,-3,16,98,-10,-32,9,450,468.432,4.096,95.904,468,4,96
97,37,285,2,-36,-10,22,-46,-44,16,33,49.496,49.98787879,50.01212121,49,48.48484848,51.51515152
199,47,2279,19,-9,1,89,-9,-32,8,815,894.578,9.764171779,90.23582822,895,9.81595092,90.18404908
121,28,643,32,-10,6,15,-14,-35,12,282,397.689,41.02446809,58.97553191,398,41.13475177,58.86524823
152,37,916,9,-15,1,75,-25,-15,4,886,1024.449,15.62629797,84.37370203,1024,15.57562077,84.42437923
237,37,1389,4,-15,-3,48,-26,-33,8,2535,2554.472,0.768126233,99.23187377,2554,0.749506903,99.2504931
212,13,4183,29,-11,-3,18,-33,-38,11,3671,3537.824,3.627785345,96.37221466,3538,3.622991011,96.37700899
105,12,590,72,-46,-23,-52,-56,-48,20,571,518.841,9.134676007,90.86532399,519,9.106830123,90.89316988
161,51,439,18,-15,1,85,-33,-39,13,1514,1483.118,2.039762219,97.96023778,1483,2.047556143,97.95244386
318,12,6760,73,-21,-12,-24,-37,-27,8,17445,17515.498,0.404115792,99.59588421,17515,0.401261106,99.59873889
247,51,1111,10,-11,0,59,-29,-39,10,2662,2665.215,0.120773854,99.87922615,2665,0.11269722,99.88730278
230,1,571,27,-9,-2,30,-3,-29,6,1925,1937.742,0.661922078,99.33807792,1938,0.675324675,99.32467532
98,37,351,13,-36,-9,24,-44,-45,18,46,73.621,60.04565217,39.95434783,74,60.86956522,39.13043478
123,28,229,10,-16,8,28,-15,-22,6,291,289.862,0.391065292,99.60893471,290,0.343642612,99.65635739
120,28,0,0,-11,2,-7,-18,-37,14,250,237.355,5.058,94.942,237,5.2,94.8
121,47,603,7,-18,2,0,-25,-39,14,199,222.92,12.0201005,87.9798995,223,12.06030151,87.93969849
135,13,326,22,-17,-2,21,-40,-40,15,1527,1333.393,12.6789129,87.3210871,1333,12.70464964,87.29535036
330,51,2600,21,2,28,25,-26,-43,11,4029,4066.608,0.933432614,99.06656739,4067,0.943162075,99.05683793
91,1,52,7,-36,-11,-23,-26,-40,17,13,22.919,76.3,23.7,23,76.92307692,23.07692308
302,1,1269,19,-13,-3,-15,-14,-24,7,2911,3570.788,22.66533837,77.33466163,3571,22.67262109,77.32737891
273,1,571,16,-11,-7,9,-10,-22,6,2517,2508.248,0.347715534,99.65228447,2508,0.357568534,99.64243147
282,47,1992,63,-8,-2,69,-9,-27,5,2705,2718.988,0.517116451,99.48288355,2719,0.517560074,99.48243993
88,21,92,1,-38,-6,100,-28,-29,9,9,5.957,33.81111111,66.18888889,6,33.33333333,66.66666667
202,45,1459,9,-7,1,47,-6,-31,8,1164,1139.676,2.089690722,97.91030928,1140,2.06185567,97.93814433
104,28,145,13,-27,-9,-14,-28,-40,14,111,97.62,12.05405405,87.94594595,98,11.71171171,88.28828829
287,28,876,25,-8,-3,27,6,-20,4,3140,3140.771,0.02455414,99.97544586,3141,0.031847134,99.96815287
193,21,451,2,-12,9,211,11,-9,1,622,676.638,8.784244373,91.21575563,677,8.84244373,91.15755627
289,13,1864,22,-11,-4,22,-29,-30,8,7492,7480.719,0.150573946,99.84942605,7481,0.146823278,99.85317672
233,13,2939,55,-16,-8,-2,-33,-35,11,4904,5765.706,17.57149266,82.42850734,5766,17.57748777,82.42251223
120,1,158,17,-22,-4,-11,-24,-39,16,260,242.352,6.787692308,93.21230769,242,6.923076923,93.07692308
172,45,1155,5,-4,15,104,17,-8,1,644,662.286,2.839440994,97.16055901,662,2.795031056,97.20496894
238,12,2665,183,-25,-15,-26,-42,-35,10,10580,10379.563,1.894489603,98.1055104,10380,1.890359168,98.10964083
96,12,788,26,-57,-33,-70,-70,-45,15,221,233.196,5.518552036,94.48144796,233,5.429864253,94.57013575
282,45,1050,12,-7,-3,36,0,-24,6,3514,3516.293,0.065253273,99.93474673,3516,0.056915196,99.9430848
104,13,1086,34,-38,-16,-6,-52,-48,18,481,397.005,17.46257796,82.53742204,397,17.46361746,82.53638254
267,1,569,31,-8,-5,14,-7,-24,6,2488,2465.772,0.89340836,99.10659164,2466,0.884244373,99.11575563
248,1,1108,33,-5,1,40,7,-29,5,2266,2245.258,0.915357458,99.08464254,2245,0.92674316,99.07325684
239,37,1342,36,-13,-3,50,-27,-32,8,2606,2584.482,0.8257099,99.1742901,2584,0.844205679,99.15579432
327,45,1277,9,-8,0,6,4,-11,3,4283,4246.62,0.849404623,99.15059538,4247,0.840532337,99.15946766
315,21,2079,14,-13,-1,37,-7,-26,7,1590,1594.213,0.264968553,99.73503145,1594,0.251572327,99.74842767
248,51,948,15,-12,1,85,-26,-40,10,2677,2654.776,0.830183041,99.16981696,2655,0.821815465,99.17818453
90,1,117,2,-33,-10,10,-25,-38,14,6,10.862,81.03333333,18.96666667,11,83.33333333,16.66666667
126,28,215,32,-5,11,15,-10,-33,11,374,379.253,1.404545455,98.59545455,379,1.336898396,98.6631016
231,21,608,12,-11,1,65,-11,-30,7,830,1035.798,24.79493976,75.20506024,1036,24.81927711,75.18072289
273,28,1141,48,-8,-4,24,3,-18,4,2969,2926.955,1.416133378,98.58386662,2927,1.414617716,98.58538228
185,12,9415,67,-19,0,-6,-42,-53,16,3684,4222.872,14.62736156,85.37263844,4223,14.63083605,85.36916395
184,51,532,30,-2,12,112,-23,-41,10,1816,1621.037,10.73584802,89.26415198,1621,10.73788546,89.26211454
171,21,257,2,-8,9,147,-5,-33,6,522,523.944,0.372413793,99.62758621,524,0.383141762,99.61685824
218,1,972,30,-2,4,51,0,-30,7,1698,1685.396,0.742285041,99.25771496,1685,0.765606596,99.2343934
169,47,313,4,1,8,98,-12,-29,7,497,506.473,1.906036217,98.09396378,506,1.810865191,98.18913481
131,45,122,1,-17,11,26,-14,-26,4,331,329.451,0.467975831,99.53202417,329,0.604229607,99.39577039
314,13,1648,29,-15,-7,12,-32,-27,8,8223,8164.136,0.715845798,99.2841542,8164,0.717499696,99.2825003
234,37,2075,29,-15,-4,46,-26,-33,9,2494,2471.788,0.890617482,99.10938252,2472,0.882117081,99.11788292
265,28,465,36,-7,-7,20,2,-21,4,2846,2824.366,0.760154603,99.2398454,2824,0.773014758,99.22698524
333,37,3444,9,-20,-12,41,-24,-17,4,5219,6712.218,28.61118988,71.38881012,6712,28.60701284,71.39298716
218,12,5408,225,-23,-16,-21,-42,-37,11,7627,7588.27,0.507801232,99.49219877,7588,0.511341288,99.48865871
237,13,2441,24,-18,-9,7,-35,-34,10,5156,5236.251,1.556458495,98.44354151,5236,1.55159038,98.44840962
88,45,121,2,-35,-4,12,-32,-25,9,15,7.384,50.77333333,49.22666667,7,53.33333333,46.66666667
148,45,207,20,-11,-3,-4,-6,-31,12,466,644.727,38.35343348,61.64656652,645,38.41201717,61.58798283
182,45,1755,19,0,6,48,1,-30,9,739,804.597,8.876454668,91.12354533,805,8.930987821,91.06901218
327,1,1798,0,-12,0,15,-1,-12,3,3457,3410.726,1.338559445,98.66144056,3411,1.330633497,98.6693665
289,28,1116,8,-9,-5,16,8,-18,4,3160,3152.175,0.247626582,99.75237342,3152,0.253164557,99.74683544
139,21,247,12,-22,-3,3,-25,-36,14,346,772.62,123.300578,-23.30057803,773,123.4104046,-23.41040462
242,21,820,3,-12,3,135,-2,-9,2,921,940.21,2.08577633,97.91422367,940,2.062975027,97.93702497
163,37,1310,11,-11,2,46,-27,-33,11,1064,1193.008,12.12481203,87.87518797,1193,12.12406015,87.87593985
282,51,1114,16,-15,-3,62,-30,-35,10,3344,3348.713,0.140938995,99.859061,3349,0.149521531,99.85047847
100,12,1089,48,-46,-21,-46,-58,-50,21,371,358.284,3.427493261,96.57250674,358,3.504043127,96.49595687
237,51,1006,24,-15,-6,56,-35,-38,11,2495,2564.772,2.796472946,97.20352705,2565,2.805611222,97.19438878
170,45,992,4,-2,5,63,4,-28,8,621,653.785,5.279388084,94.72061192,654,5.314009662,94.68599034
332,1,917,0,-21,-16,12,-30,-59,17,3572,9685.165,171.1412374,-71.1412374,9685,171.1366181,-71.13661814
100,13,613,42,-37,-10,-10,-51,-51,21,413,286.117,30.72227603,69.27772397,286,30.75060533,69.24939467
103,1,321,1,-64,-47,-50,-51,-45,13,61,102.278,67.66885246,32.33114754,102,67.21311475,32.78688525
140,28,263,15,0,7,34,-5,-28,9,570,555.595,2.527192982,97.47280702,556,2.456140351,97.54385965
197,13,4102,37,-8,-1,38,-31,-38,11,3091,3166.509,2.442866386,97.55713361,3167,2.458751213,97.54124879
