days,fips,tot_cases,new_case,parks_%change,actual cases,predicted cases,%error,%accuracy,predicted rounded,predicted %error,predicted %accuracy
89,12,4768,891,-48,60,84.034,40.05666667,59.94333333,84,40,60
144,13,40366,979,62,1814,1693.34,6.651598677,93.34840132,1693,6.670341786,93.32965821
78,45,60,13,10,1,0.747,25.3,74.7,1,0,100
325,51,215680,2348,27,3938,3931.419,0.167115287,99.83288471,3931,0.177755206,99.82224479
208,1,79294,1164,51,1473,1527.484,3.698845893,96.30115411,1527,3.66598778,96.33401222
270,37,206090,1759,73,3440,3377.202,1.825523256,98.17447674,3377,1.831395349,98.16860465
258,28,90523,505,26,2734,2721.854,0.444257498,99.5557425,2722,0.438917337,99.56108266
131,28,9674,173,39,435,421.747,3.046666667,96.95333333,422,2.988505747,97.01149425
225,12,545040,8059,-19,8765,8599.739,1.885464917,98.11453508,8600,1.882487165,98.11751284
321,1,219232,1410,2,3249,3264.452,0.47559249,99.52440751,3264,0.461680517,99.53831948
280,12,711358,2202,-30,14767,14758.147,0.059951243,99.94004876,14758,0.060946705,99.93905329
214,12,474621,9591,-30,7022,6835.855,2.650882939,97.34911706,6836,2.648818001,97.351182
330,13,457909,3177,4,9297,9261.795,0.378670539,99.62132946,9262,0.376465527,99.62353447
288,1,167977,784,22,2706,2690.694,0.565631929,99.43436807,2691,0.554323725,99.44567627
120,12,32318,332,-36,1218,1197.745,1.662972085,98.33702791,1198,1.642036125,98.35796388
156,21,10705,295,48,458,466.067,1.761353712,98.23864629,466,1.746724891,98.25327511
192,13,111956,4623,68,2965,2868.571,3.252242833,96.74775717,2869,3.23777403,96.76222597
205,28,49663,1610,27,1463,1441.418,1.47518797,98.52481203,1441,1.503759398,98.4962406
199,12,323002,11362,-20,4805,4862.238,1.191217482,98.80878252,4862,1.186264308,98.81373569
152,47,23159,439,105,366,367.816,0.496174863,99.50382514,368,0.546448087,99.45355191
282,13,348022,1827,22,7294,7258.923,0.480902111,99.51909789,7259,0.479846449,99.52015355
295,28,113081,958,21,3231,3212.779,0.563943052,99.43605695,3213,0.557103064,99.44289694
83,45,298,103,-21,5,4.825,3.5,96.5,5,0,100
236,51,113630,1558,96,2471,2320.194,6.103035208,93.89696479,2320,6.110886281,93.88911372
172,37,51399,1549,95,1212,1210.099,0.156848185,99.84315182,1210,0.165016502,99.8349835
240,47,149179,1826,56,1673,1764.614,5.476031082,94.52396892,1765,5.499103407,94.50089659
106,51,6889,389,1,208,199.422,4.124038462,95.87596154,199,4.326923077,95.67307692
220,47,118782,2432,98,1206,1229.541,1.95199005,98.04800995,1230,1.990049751,98.00995025
184,12,166303,10015,-10,3617,3471.372,4.026209566,95.97379043,3471,4.036494332,95.96350567
122,51,16901,0,13,581,546.405,5.954388985,94.04561102,546,6.024096386,93.97590361
89,45,774,114,-4,16,9.087,43.20625,56.79375,9,43.75,56.25
206,37,109577,2145,69,1746,1757.348,0.649942726,99.35005727,1757,0.630011455,99.36998855
180,13,77596,2186,55,2778,2597.945,6.481461483,93.51853852,2598,6.479481641,93.52051836
257,28,90018,144,24,2706,2693.318,0.468662232,99.53133777,2693,0.480413895,99.5195861
176,37,56194,1724,70,1271,1267.675,0.261605035,99.73839496,1268,0.236034618,99.76396538
229,1,108433,853,51,1898,2033.377,7.132613277,92.86738672,2033,7.112750263,92.88724974
291,51,166138,900,99,3433,3443.893,0.317302651,99.68269735,3444,0.320419458,99.67958054
193,51,70670,888,118,1966,1957.304,0.44231943,99.55768057,1957,0.457782299,99.5422177
130,12,40001,802,-26,1715,1676.492,2.245364431,97.75463557,1676,2.274052478,97.72594752
324,1,225910,2424,-3,3419,3365.913,1.552705469,98.44729453,3366,1.550160866,98.44983913
186,28,30900,226,53,1111,1026.53,7.603060306,92.39693969,1027,7.560756076,92.43924392
307,21,109670,1028,2,1492,1978.736,32.6230563,67.3769437,1979,32.64075067,67.35924933
221,1,100353,1869,68,1751,1793.602,2.433009709,97.56699029,1794,2.455739577,97.54426042
143,1,13941,294,40,543,563.875,3.844383057,96.15561694,564,3.867403315,96.13259669
199,13,137102,4233,69,3132,2901.635,7.355204342,92.64479566,2902,7.343550447,92.65644955
166,51,54886,380,109,1552,1528.383,1.521713918,98.47828608,1528,1.546391753,98.45360825
154,51,46905,666,76,1428,1356.729,4.990966387,95.00903361,1357,4.971988796,95.0280112
201,45,69986,2374,57,1155,1217.134,5.3795671,94.6204329,1217,5.367965368,94.63203463
195,45,58168,1520,55,972,1019.647,4.901954733,95.09804527,1020,4.938271605,95.0617284
254,21,54772,795,94,1035,1024.86,0.979710145,99.02028986,1025,0.966183575,99.03381643
200,47,76336,2517,131,838,858.118,2.40071599,97.59928401,858,2.386634845,97.61336516
85,28,485,108,26,5,6.501,30.02,69.98,7,40,60
259,37,190645,1210,79,3111,3017.91,2.992285439,97.00771456,3018,2.989392478,97.01060752
144,28,13252,247,45,625,601.588,3.74592,96.25408,602,3.68,96.32
146,45,10178,82,68,440,444.502,1.023181818,98.97681818,445,1.136363636,98.86363636
317,51,199263,1235,-17,3785,3769.075,0.420739762,99.57926024,3769,0.422721268,99.57727873
259,21,58000,718,101,1074,1076.563,0.238640596,99.7613594,1077,0.279329609,99.72067039
152,51,45398,791,96,1392,1366.408,1.838505747,98.16149425,1366,1.867816092,98.13218391
328,37,339194,2419,21,5039,5037.575,0.028279421,99.97172058,5038,0.019845207,99.98015479
293,37,247172,1144,58,3939,3887.703,1.302284844,98.69771516,3888,1.294744859,98.70525514
228,47,131747,1289,97,1345,1394.073,3.648550186,96.35144981,1394,3.643122677,96.35687732
320,28,134898,589,4,3545,3470.81,2.09280677,97.90719323,3471,2.087447109,97.91255289
228,51,106691,938,31,2382,2305.214,3.223593619,96.77640638,2305,3.232577666,96.76742233
244,47,154933,1818,34,1754,1875.784,6.943215507,93.05678449,1876,6.955530217,93.04446978
280,21,74194,1036,69,1218,1272.343,4.461658456,95.53834154,1272,4.433497537,95.56650246
93,21,770,90,42,31,19.749,36.29354839,63.70645161,20,35.48387097,64.51612903
147,47,21089,358,54,344,370.591,7.72994186,92.27005814,371,7.848837209,92.15116279
130,1,9923,284,39,394,420.327,6.681979695,93.3180203,420,6.598984772,93.40101523
140,21,8069,134,30,366,367.061,0.28989071,99.71010929,367,0.273224044,99.72677596
222,12,527036,6190,-18,8186,8315.157,1.577779135,98.42222086,8315,1.575861226,98.42413877
181,45,34644,1324,61,720,821.753,14.13236111,85.86763889,822,14.16666667,85.83333333
168,28,20641,489,57,939,876.75,6.629392971,93.37060703,877,6.602768903,93.3972311
135,51,28672,859,40,977,924.263,5.397850563,94.60214944,924,5.424769703,94.5752303
319,13,422905,3035,41,8956,8908.333,0.532235373,99.46776463,8908,0.535953551,99.46404645
222,47,122712,2127,94,1223,1254.755,2.596484056,97.40351594,1255,2.616516762,97.38348324
106,1,4241,288,10,75,95.405,27.20666667,72.79333333,95,26.66666667,73.33333333
126,1,8679,367,16,323,336.188,4.082972136,95.91702786,336,4.024767802,95.9752322
313,28,127205,516,10,3443,3415.936,0.78605867,99.21394133,3416,0.784199826,99.21580017
257,21,56945,530,85,1060,1068.314,0.784339623,99.21566038,1068,0.754716981,99.24528302
205,45,76606,1564,43,1334,1383.213,3.689130435,96.31086957,1383,3.673163418,96.32683658
163,21,11945,62,113,493,492.04,0.194726166,99.80527383,492,0.202839757,99.79716024
246,12,626426,2310,-21,11501,11449.606,0.44686549,99.55313451,11450,0.443439701,99.5565603
195,13,121518,3790,48,3026,2999.174,0.886516854,99.11348315,2999,0.892267019,99.10773298
97,47,3803,170,3,65,59.221,8.890769231,91.10923077,59,9.230769231,90.76923077
161,45,15228,428,59,568,587.383,3.4125,96.5875,587,3.345070423,96.65492958
314,47,287770,5919,33,3610,3674.75,1.793628809,98.20637119,3675,1.800554017,98.19944598
205,1,74344,2458,31,1399,1559.653,11.48341673,88.51658327,1560,11.50822016,88.49177984
301,51,176754,1345,50,3616,3595.416,0.569247788,99.43075221,3595,0.580752212,99.41924779
265,45,138124,416,44,3212,3143.391,2.136021171,97.86397883,3143,2.148194271,97.85180573
280,51,153691,509,67,3303,3298.203,0.145231608,99.85476839,3298,0.151377536,99.84862246
92,45,1293,210,-26,26,22.629,12.96538462,87.03461538,23,11.53846154,88.46153846
334,28,153270,1485,-34,3807,3754.914,1.368163909,98.63183609,3755,1.365904912,98.63409509
76,12,142,6,0,5,2.685,46.3,53.7,3,40,60
206,45,78607,2001,37,1385,1495.674,7.990902527,92.00909747,1496,8.014440433,91.98555957
219,45,96797,1325,34,1943,1960.374,0.894184251,99.10581575,1960,0.874935666,99.12506433
169,28,20641,0,55,938,928.039,1.061940299,98.9380597,928,1.066098081,98.93390192
105,45,3553,114,-11,97,109.884,13.28247423,86.71752577,110,13.40206186,86.59793814
305,1,192285,1789,47,2967,2978.638,0.392248062,99.60775194,2979,0.404448938,99.59555106
133,12,41923,941,-24,1779,1811.577,1.831197302,98.1688027,1812,1.854974705,98.1450253
329,12,938830,8102,-21,18157,18063.574,0.514545354,99.48545465,18064,0.512199152,99.48780085
304,21,105242,1937,45,1476,1493.25,1.168699187,98.83130081,1493,1.151761518,98.84823848
108,28,3793,0,-6,140,133.011,4.992142857,95.00785714,133,5,95
72,13,88,33,23,1,1.209,20.9,79.1,1,0,100
228,21,38930,632,183,810,808.597,0.173209877,99.82679012,809,0.12345679,99.87654321
332,37,354514,8008,51,5210,5130.455,1.526775432,98.47322457,5130,1.535508637,98.46449136
289,21,84195,1182,41,1296,1398.737,7.927237654,92.07276235,1399,7.947530864,92.05246914
296,45,167485,1128,29,3755,3712.055,1.1436751,98.8563249,3712,1.145139814,98.85486019
251,45,125607,655,90,2907,2760.551,5.037805298,94.9621947,2761,5.022359821,94.97764018
273,13,333811,1368,-21,6994,6975.843,0.259608236,99.74039176,6976,0.257363454,99.74263655
240,45,114598,505,31,2628,2572.39,2.116057839,97.88394216,2572,2.130898021,97.86910198
316,13,413415,2232,-15,8333,8775.115,5.305592224,94.69440778,8775,5.304212168,94.69578783
214,47,108184,2225,108,1067,1077.636,0.996813496,99.0031865,1078,1.030927835,98.96907216
297,1,180916,3852,20,2859,2843.788,0.532074152,99.46792585,2844,0.524658972,99.47534103
185,47,48712,1822,157,633,682.66,7.845181675,92.15481833,683,7.898894155,92.10110585
116,28,5718,284,3,221,207.911,5.922624434,94.07737557,208,5.882352941,94.11764706
126,51,20256,764,5,713,704.195,1.234922861,98.76507714,704,1.26227209,98.73772791
93,13,5443,637,-15,176,92.904,47.21363636,52.78636364,93,47.15909091,52.84090909
268,47,187544,835,14,2310,2515.364,8.89021645,91.10978355,2515,8.874458874,91.12554113
142,1,13647,347,40,534,561.24,5.101123596,94.8988764,561,5.056179775,94.94382022
270,47,190891,1437,111,2374,2407.377,1.405939343,98.59406066,2407,1.390058972,98.60994103
156,45,13005,354,38,525,560.168,6.698666667,93.30133333,560,6.666666667,93.33333333
206,28,51097,1434,18,1480,1515.721,2.413581081,97.58641892,1516,2.432432432,97.56756757
133,37,15346,301,42,577,569.074,1.373656846,98.62634315,569,1.386481802,98.6135182
114,12,28843,1052,-47,987,928.459,5.931205674,94.06879433,928,5.977710233,94.02228977
87,1,639,108,30,3,7.037,134.5666667,-34.56666667,7,133.3333333,-33.33333333
320,47,310937,5817,16,3893,3909.011,0.41127665,99.58872335,3909,0.410994092,99.58900591
246,13,285667,2386,35,5795,5733.855,1.055133736,98.94486626,5734,1.052631579,98.94736842
114,1,6071,240,-31,198,202.486,2.265656566,97.73434343,202,2.02020202,97.97979798
148,37,24629,488,-2,794,849.592,7.001511335,92.99848866,850,7.052896725,92.94710327
86,21,248,50,84,5,3.866,22.68,77.32,4,20,80
128,45,7142,206,10,316,308.145,2.485759494,97.51424051,308,2.53164557,97.46835443
286,12,726934,1519,-24,15412,15327.934,0.545458085,99.45454192,15328,0.545029847,99.45497015
289,12,735685,3286,-21,15736,15695.006,0.26051093,99.73948907,15695,0.260549059,99.73945094
192,37,81534,2007,85,1479,1515.679,2.479986477,97.52001352,1516,2.501690331,97.49830967
283,13,350033,2011,27,7348,7378.436,0.414207948,99.58579205,7378,0.40827436,99.59172564
208,21,27079,315,136,700,715.433,2.204714286,97.79528571,715,2.142857143,97.85714286
170,21,13197,202,93,520,529.694,1.864230769,98.13576923,530,1.923076923,98.07692308
174,37,53616,805,79,1223,1245.252,1.819460343,98.18053966,1245,1.798855274,98.20114473
102,12,18445,997,-54,446,554.23,24.26681614,75.73318386,554,24.21524664,75.78475336
236,12,594287,3004,-28,10325,10308.259,0.162140436,99.83785956,10308,0.16464891,99.83535109
230,28,73207,1071,17,2128,2097.464,1.434962406,98.56503759,2097,1.456766917,98.54323308
107,21,2429,138,29,129,125.735,2.531007752,97.46899225,126,2.325581395,97.6744186
132,45,7792,139,24,346,330.505,4.478323699,95.5216763,331,4.335260116,95.66473988
245,21,49185,789,77,948,956.861,0.934704641,99.06529536,957,0.949367089,99.05063291
190,12,220476,9882,-14,3953,4030.186,1.952592967,98.04740703,4030,1.94788768,98.05211232
236,13,262099,1812,33,5132,5052.005,1.558749026,98.44125097,5052,1.558846454,98.44115355
95,51,2407,395,4,52,39.431,24.17115385,75.82884615,39,25,75
96,1,1841,208,-1,31,43.106,39.0516129,60.9483871,43,38.70967742,61.29032258
194,21,19389,268,122,625,634.901,1.58416,98.41584,635,1.6,98.4
95,1,1633,98,4,26,33.668,29.49230769,70.50769231,34,30.76923077,69.23076923
293,51,167754,926,41,3485,3501.255,0.466427547,99.53357245,3501,0.459110473,99.54088953
205,37,107432,1945,44,1726,1776.83,2.944959444,97.05504056,1777,2.954808806,97.04519119
85,21,198,35,69,5,3.553,28.94,71.06,4,20,80
265,1,145780,818,28,2439,2468.147,1.19503895,98.80496105,2468,1.18901189,98.81098811
263,45,137240,922,67,3188,2971.689,6.785163112,93.21483689,2972,6.775407779,93.22459222
171,1,29017,803,72,823,825.149,0.261117861,99.73888214,825,0.243013366,99.75698663
98,21,1149,141,55,65,60.74,6.553846154,93.44615385,61,6.153846154,93.84615385
218,47,114098,1657,101,1144,1150.907,0.603758741,99.39624126,1151,0.611888112,99.38811189
240,12,605342,3229,-23,10868,10781.142,0.799208686,99.20079131,10781,0.800515274,99.19948473
179,12,130092,9518,-13,3390,3377.01,0.383185841,99.61681416,3377,0.383480826,99.61651917
274,21,68840,984,68,1174,1184.674,0.909199319,99.09080068,1185,0.936967632,99.06303237
314,37,294860,1521,27,4615,4614.975,0.000541712,99.99945829,4615,0,100
198,12,311640,13764,-15,4677,4587.432,1.915073765,98.08492623,4587,1.924310455,98.07568954
311,47,273144,1373,38,3541,3590.278,1.391640779,98.60835922,3590,1.38378989,98.61621011
298,37,258292,2584,100,4144,4058.817,2.055574324,97.94442568,4059,2.051158301,97.9488417
255,1,136703,1138,38,2333,2330.576,0.103900557,99.89609944,2331,0.085726532,99.91427347
220,21,33796,542,159,764,758.646,0.70078534,99.29921466,759,0.654450262,99.34554974
127,13,28998,802,17,1327,1172.909,11.61198191,88.38801809,1173,11.60512434,88.39487566
121,13,25241,537,-15,1111,1027.998,7.470927093,92.52907291,1028,7.470747075,92.52925293
276,47,198403,971,62,2515,2555.601,1.614353877,98.38564612,2556,1.630218688,98.36978131
99,13,10080,1130,-6,371,299.57,19.25336927,80.74663073,300,19.13746631,80.86253369
318,1,213617,2980,11,3231,3247.558,0.512472919,99.48752708,3248,0.526152894,99.47384711
328,47,344550,4074,18,4301,4347.873,1.089816322,98.91018368,4348,1.092769123,98.90723088
239,47,147353,1936,69,1648,1702.127,3.28440534,96.71559466,1702,3.276699029,96.72330097
240,28,81294,599,8,2413,2407.935,0.209904683,99.79009532,2408,0.207210941,99.79278906
248,21,51677,792,133,987,986.439,0.056838906,99.94316109,986,0.101317123,99.89868288
163,51,53211,564,50,1534,1512.303,1.41440678,98.58559322,1512,1.434159061,98.56584094
243,12,614753,2547,-34,11119,11134.615,0.140435291,99.85956471,11135,0.143897833,99.85610217
197,1,59113,1805,42,1211,1187.437,1.945747316,98.05425268,1187,1.981833196,98.0181668
151,47,22720,484,133,366,364.846,0.315300546,99.68469945,365,0.273224044,99.72677596
289,45,161106,1297,25,3607,3559.885,1.306210147,98.69378985,3560,1.303021902,98.6969781
304,28,120160,824,0,3334,3339.491,0.164697061,99.83530294,3339,0.149970006,99.85002999
100,1,2838,339,5,48,61.212,27.525,72.475,61,27.08333333,72.91666667
129,28,9378,288,-12,422,403.911,4.286492891,95.71350711,404,4.265402844,95.73459716
173,13,64673,885,50,2643,2511.259,4.984525161,95.01547484,2511,4.994324631,95.00567537
191,28,34622,1031,38,1215,1189.55,2.094650206,97.90534979,1190,2.057613169,97.94238683
128,37,13397,639,29,507,512.663,1.116962525,98.88303748,513,1.183431953,98.81656805
135,21,7225,145,90,328,327.077,0.281402439,99.71859756,327,0.304878049,99.69512195
236,21,43529,463,123,881,879.267,0.196708286,99.80329171,879,0.227014756,99.77298524
254,37,184179,1307,49,2990,3004.602,0.488361204,99.5116388,3005,0.501672241,99.49832776
295,51,170104,1332,56,3524,3518.346,0.160442679,99.83955732,3518,0.170261067,99.82973893
138,45,8816,155,51,385,382.916,0.541298701,99.4587013,383,0.519480519,99.48051948
220,51,99189,1307,76,2322,2227.651,4.063264427,95.93673557,2228,4.048234281,95.95176572
284,47,212649,1646,29,2758,2912.387,5.597788252,94.40221175,2912,5.583756345,94.41624365
317,12,851825,5504,-40,17372,17321.691,0.289598204,99.7104018,17322,0.28781948,99.71218052
131,47,15060,217,50,243,269.97,11.09876543,88.90123457,270,11.11111111,88.88888889
187,47,51431,1291,79,646,710.57,9.995356037,90.00464396,711,10.0619195,89.9380805
161,12,64448,1070,-20,2765,2683.253,2.956491863,97.04350814,2683,2.965641953,97.03435805
157,21,10977,272,105,466,469.406,0.730901288,99.26909871,469,0.643776824,99.35622318
94,13,5931,488,4,198,120.556,39.11313131,60.88686869,121,38.88888889,61.11111111
309,28,123887,1612,5,3405,3346.567,1.716093979,98.28390602,3347,1.703377386,98.29662261
235,1,114532,900,53,2011,2132.137,6.023719543,93.97628046,2132,6.016907011,93.98309299
244,45,118992,668,26,2720,2681.74,1.406617647,98.59338235,2682,1.397058824,98.60294118
173,21,13750,120,89,526,534.083,1.536692015,98.46330798,534,1.520912548,98.47908745
149,21,9184,107,74,409,404.219,1.168948655,98.83105134,404,1.222493888,98.77750611
308,47,266357,1770,44,3454,3488.118,0.987782281,99.01221772,3488,0.984365953,99.01563405
291,37,243725,2102,97,3929,3875.606,1.358971749,98.64102825,3876,1.348943752,98.65105625
306,13,390428,1435,24,7981,7991.005,0.125360231,99.87463977,7991,0.125297582,99.87470242
111,45,4439,62,-25,124,139.814,12.75322581,87.24677419,140,12.90322581,87.09677419
288,45,159809,926,27,3593,3552.152,1.136877261,98.86312274,3552,1.141107709,98.85889229
306,47,261426,754,38,3353,3409.16,1.674917984,98.32508202,3409,1.670146138,98.32985386
201,13,145038,3193,51,3173,3107.596,2.06126694,97.93873306,3108,2.04853451,97.95146549
282,21,77455,868,77,1234,1273.562,3.205996759,96.79400324,1274,3.241491086,96.75850891
270,21,66036,970,175,1154,1155.165,0.100953206,99.89904679,1155,0.086655113,99.91334489
268,13,327158,1608,-24,6822,6784.2,0.55408971,99.44591029,6784,0.557021401,99.4429786
104,21,2048,85,-16,104,93.894,9.717307692,90.28269231,94,9.615384615,90.38461538
251,37,181070,1039,134,2897,2841.053,1.931204695,98.06879531,2841,1.933034173,98.06696583
176,13,69639,1835,25,2698,2661.74,1.343958488,98.65604151,2662,1.33432172,98.66567828
326,28,143180,779,19,3676,3581.887,2.560201306,97.43979869,3582,2.557127312,97.44287269
302,51,178183,1429,40,3636,3607.396,0.786688669,99.21331133,3607,0.797579758,99.20242024
112,1,5668,244,18,180,178.467,0.851666667,99.14833333,178,1.111111111,98.88888889
102,47,4863,0,11,100,98.205,1.795,98.205,98,2,98
300,21,97866,924,12,1410,1734.144,22.98893617,77.01106383,1734,22.9787234,77.0212766
190,21,17919,400,97,608,619.171,1.837335526,98.16266447,619,1.809210526,98.19078947
314,51,194913,1435,29,3726,3735.94,0.26677402,99.73322598,3736,0.268384326,99.73161567
168,47,31830,670,108,493,519.972,5.470993915,94.52900609,520,5.476673428,94.52332657
297,28,115088,1212,6,3255,3240.334,0.450568356,99.54943164,3240,0.460829493,99.53917051
303,45,174591,1100,-1,3889,3863.448,0.657032656,99.34296734,3863,0.668552327,99.33144767
90,28,937,90,4,20,18.383,8.085,91.915,18,10,90
242,51,119747,938,46,2569,2603.893,1.358232775,98.64176722,2604,1.36239782,98.63760218
317,28,131970,1305,9,3519,3426.626,2.625007104,97.3749929,3427,2.614379085,97.38562092
154,28,16322,301,43,782,738.092,5.61483376,94.38516624,738,5.626598465,94.37340153
103,28,2942,300,-50,98,82.826,15.48367347,84.51632653,83,15.30612245,84.69387755
278,37,217496,610,35,3634,3574.516,1.636873968,98.36312603,3575,1.623555311,98.37644469
334,51,237836,1893,19,4062,3962.008,2.46164451,97.53835549,3962,2.461841457,97.53815854
152,21,9704,0,153,431,428.223,0.644315545,99.35568445,428,0.696055684,99.30394432
188,13,97534,1642,20,2878,2682.677,6.78676164,93.21323836,2683,6.775538568,93.22446143
234,51,112072,1212,74,2443,2372.33,2.89275481,97.10724519,2372,2.906262792,97.09373721
110,1,4946,223,-44,165,148.122,10.22909091,89.77090909,148,10.3030303,89.6969697
174,28,22287,1646,17,978,918.762,6.057055215,93.94294479,919,6.032719836,93.96728016
325,1,228373,2463,7,3451,3431.905,0.553317879,99.44668212,3432,0.550565054,99.44943495
268,1,148206,1053,-14,2480,2495.477,0.624072581,99.37592742,2495,0.60483871,99.39516129
218,51,95867,818,79,2299,2257.372,1.810700304,98.1892997,2257,1.826881253,98.17311875
293,13,364909,1134,35,7657,7552.85,1.360193287,98.63980671,7553,1.358234295,98.6417657
109,21,2707,185,67,144,144.356,0.247222222,99.75277778,144,0,100
278,12,707751,1813,-44,14671,14655.008,0.109004158,99.89099584,14655,0.109058687,99.89094131
210,1,82530,1260,24,1493,1729.671,15.85204287,84.14795713,1730,15.87407904,84.12592096
118,21,4146,72,55,213,212.811,0.088732394,99.91126761,213,0,100
311,51,190874,2103,41,3704,3679.722,0.655453564,99.34454644,3680,0.647948164,99.35205184
90,45,925,151,-1,18,13.473,25.15,74.85,13,27.77777778,72.22222222
83,47,615,110,-16,2,8.076,303.8,-203.8,8,300,-200
189,47,53514,1359,103,665,709.763,6.731278195,93.2687218,710,6.766917293,93.23308271
266,21,62731,814,79,1119,1122.045,0.272117962,99.72788204,1122,0.268096515,99.73190349
320,21,137586,1449,16,1661,1784.115,7.412101144,92.58789886,1784,7.405177604,92.5948224
274,45,147942,308,23,3378,3351.816,0.775133215,99.22486679,3352,0.769686205,99.2303138
223,51,101746,996,69,2344,2240.512,4.415017065,95.58498294,2241,4.394197952,95.60580205
246,37,173509,1216,45,2779,2791.92,0.464915437,99.53508456,2792,0.467794171,99.53220583
265,12,677362,1671,-32,13317,13317.165,0.001239018,99.99876098,13317,0,100
287,12,729591,2657,-21,15531,15506.157,0.159957504,99.8400425,15506,0.160968386,99.83903161
142,51,34950,813,14,1136,1174.052,3.349647887,96.65035211,1174,3.345070423,96.65492958
90,13,3224,389,2,103,55.018,46.58446602,53.41553398,55,46.60194175,53.39805825
145,51,37727,1483,62,1208,1174.14,2.802980132,97.19701987,1174,2.814569536,97.18543046
277,12,705938,2726,-33,14628,14566.798,0.41838939,99.58161061,14567,0.417008477,99.58299152
86,45,456,32,-5,9,8.199,8.9,91.1,8,11.11111111,88.88888889
101,37,3908,257,12,74,75.213,1.639189189,98.36081081,75,1.351351351,98.64864865
253,12,644781,2006,-29,12115,12164.114,0.405398267,99.59460173,12164,0.404457284,99.59554272
175,37,54470,854,77,1251,1232.617,1.469464428,98.53053557,1233,1.438848921,98.56115108
205,12,385091,10171,-31,5518,5621.573,1.877002537,98.12299746,5622,1.884740848,98.11525915
109,47,6763,433,2,145,169.571,16.94551724,83.05448276,170,17.24137931,82.75862069
252,12,642775,1797,-30,11915,11792.385,1.02908099,98.97091901,11792,1.032312211,98.96768779
88,13,2592,225,14,79,47.364,40.04556962,59.95443038,47,40.50632911,59.49367089
190,45,48909,1557,36,884,1091.724,23.49819005,76.50180995,1092,23.52941176,76.47058824
228,45,105882,1041,50,2260,2139.054,5.35159292,94.64840708,2139,5.353982301,94.6460177
330,21,166139,3301,1,1835,1916.852,4.460599455,95.53940054,1917,4.46866485,95.53133515
330,12,946956,8126,-20,18254,18223.748,0.16572806,99.83427194,18224,0.16434754,99.83565246
222,1,101334,981,49,1768,1889.938,6.896945701,93.1030543,1890,6.900452489,93.09954751
180,1,36350,1245,58,924,934.482,1.134415584,98.86558442,934,1.082251082,98.91774892
101,47,4863,228,-5,98,97.447,0.564285714,99.43571429,97,1.020408163,98.97959184
153,12,55415,651,-24,2460,2477.231,0.700447154,99.29955285,2477,0.691056911,99.30894309
274,28,98886,696,20,2979,2989.314,0.346223565,99.65377644,2989,0.335683115,99.66431688
214,51,91782,981,93,2218,2183.833,1.540441839,98.45955816,2184,1.532912534,98.46708747
102,51,5077,568,17,130,117.686,9.472307692,90.52769231,118,9.230769231,90.76923077
149,1,16729,467,31,594,643.935,8.406565657,91.59343434,644,8.417508418,91.58249158
154,21,10185,139,95,442,443.837,0.41561086,99.58438914,444,0.452488688,99.54751131
257,47,171824,933,49,2078,2230.12,7.320500481,92.67949952,2230,7.314725698,92.6852743
125,51,19492,0,39,684,646.051,5.548099415,94.45190058,646,5.555555556,94.44444444
242,12,612206,3132,-22,11105,11017.405,0.788788834,99.21121117,11017,0.79243584,99.20756416
248,47,160597,1051,83,1837,1847.895,0.593086554,99.40691345,1848,0.598802395,99.4011976
302,21,101494,1857,31,1442,1574.945,9.219486824,90.78051318,1575,9.223300971,90.77669903
246,21,49991,806,64,966,981.661,1.621221532,98.37877847,982,1.6563147,98.3436853
103,13,12203,157,-57,447,359.794,19.50917226,80.49082774,360,19.46308725,80.53691275
267,28,95310,737,0,2874,2895.586,0.751078636,99.24892136,2896,0.765483646,99.23451635
320,13,424989,2084,13,8957,8946.806,0.113810428,99.88618957,8947,0.111644524,99.88835548
321,51,206763,2125,13,3835,3836.26,0.03285528,99.96714472,3836,0.026075619,99.97392438
122,13,26176,935,45,1167,1038.94,10.97343616,89.02656384,1039,10.96829477,89.03170523
160,51,51738,487,70,1496,1458.238,2.524197861,97.47580214,1458,2.540106952,97.45989305
288,37,236407,1926,49,3856,3843.599,0.321602697,99.6783973,3844,0.31120332,99.68879668
92,13,4806,570,-5,154,86.736,43.67792208,56.32207792,87,43.50649351,56.49350649
262,45,136318,872,23,3177,3058.976,3.714951212,96.28504879,3059,3.714195782,96.28580422
226,37,142636,1978,41,2287,2279.789,0.315303892,99.68469611,2280,0.306077831,99.69392217
178,21,14859,242,141,553,550.968,0.367450271,99.63254973,551,0.361663653,99.63833635
206,21,25931,784,135,691,696.848,0.846309696,99.1536903,697,0.868306802,99.1316932
95,13,6353,422,-18,208,124.405,40.18990385,59.81009615,124,40.38461538,59.61538462
164,28,19348,865,50,889,815.453,8.273003375,91.72699663,815,8.323959505,91.67604049
188,51,66740,638,75,1881,1874.952,0.3215311,99.6784689,1875,0.318979266,99.68102073
238,21,44568,669,80,895,896.371,0.153184358,99.84681564,896,0.111731844,99.88826816
228,37,145508,1662,41,2343,2337.899,0.217712335,99.78228767,2338,0.213401622,99.78659838
113,28,5153,437,-5,201,182.315,9.2960199,90.7039801,182,9.452736318,90.54726368
260,13,313535,2669,-8,6419,6346.58,1.128213117,98.87178688,6347,1.121670042,98.87832996
248,13,290938,2298,56,5931,5919.21,0.198786039,99.80121396,5919,0.202326758,99.79767324
122,12,34728,1038,-27,1314,1358.996,3.42435312,96.57564688,1359,3.424657534,96.57534247
300,13,377553,1346,25,7827,7792.625,0.439184873,99.56081513,7793,0.434393765,99.56560623
139,45,8942,126,15,391,392.376,0.351918159,99.64808184,392,0.255754476,99.74424552
284,21,79445,989,111,1249,1263.434,1.155644516,98.84435548,1263,1.120896717,98.87910328
195,37,87756,1846,77,1510,1641.6,8.715231788,91.28476821,1642,8.741721854,91.25827815
300,51,175409,1134,24,3600,3630.624,0.850666667,99.14933333,3631,0.861111111,99.13888889
134,13,33331,558,32,1505,1441.682,4.20717608,95.79282392,1442,4.186046512,95.81395349
324,37,325158,4296,2,4936,4958.459,0.455004052,99.54499595,4958,0.445705024,99.55429498
191,12,229367,8891,-12,4009,4084.6,1.885757047,98.11424295,4085,1.895734597,98.1042654
192,21,18670,425,127,620,629.247,1.491451613,98.50854839,629,1.451612903,98.5483871
297,47,241513,3606,64,3076,3123.786,1.553511053,98.44648895,3124,1.56046814,98.43953186
213,13,190734,4308,63,3752,3703.203,1.300559701,98.6994403,3703,1.305970149,98.69402985
221,45,99460,1241,80,2007,1812.107,9.710662681,90.28933732,1812,9.715994021,90.28400598
190,1,46991,1170,40,1057,1092.314,3.340964995,96.659035,1092,3.311258278,96.68874172
121,1,7306,201,15,280,262.556,6.23,93.77,263,6.071428571,93.92857143
103,12,19337,892,-63,461,591.714,28.35444685,71.64555315,592,28.4164859,71.5835141
293,1,173485,859,18,2789,2788.335,0.023843672,99.97615633,2788,0.035855145,99.96414485
155,45,12651,236,49,518,534.687,3.221428571,96.77857143,535,3.281853282,96.71814672
87,37,764,128,38,3,6.721,124.0333333,-24.03333333,7,133.3333333,-33.33333333
249,37,178932,1586,121,2889,2824.468,2.233714088,97.76628591,2824,2.249913465,97.75008654
250,37,180031,1099,105,2890,2825.817,2.220865052,97.77913495,2826,2.214532872,97.78546713
235,51,112072,0,88,2443,2432.818,0.416782644,99.58321736,2433,0.409332788,99.59066721
223,21,35254,272,65,775,808.871,4.370451613,95.62954839,809,4.387096774,95.61290323
218,45,95472,1282,34,1894,1912.742,0.989545935,99.01045407,1913,1.003167899,98.9968321
211,47,100822,1778,87,1020,1031.707,1.147745098,98.8522549,1032,1.176470588,98.82352941
129,47,14512,346,-21,241,275.861,14.46514523,85.53485477,276,14.52282158,85.47717842
143,13,39387,1031,51,1808,1680.992,7.024778761,92.97522124,1681,7.024336283,92.97566372
191,13,107333,2838,21,2930,2935.281,0.180238908,99.81976109,2935,0.170648464,99.82935154
117,12,30680,684,-52,1074,1087.803,1.285195531,98.71480447,1088,1.303538175,98.69646182
264,1,144962,798,46,2437,2458.774,0.893475585,99.10652442,2459,0.902749282,99.09725072
252,13,297429,1744,28,6070,6035.665,0.565650741,99.43434926,6036,0.560131796,99.4398682
321,28,135803,905,-1,3581,3505.081,2.120050265,97.87994973,3505,2.122312203,97.8776878
261,12,666507,3273,-24,13086,13065.883,0.153729176,99.84627082,13066,0.152835091,99.84716491
173,51,58465,471,104,1620,1619.096,0.055802469,99.94419753,1619,0.061728395,99.9382716
212,47,102871,2049,62,1033,1113.802,7.822071636,92.17792836,1114,7.841239109,92.15876089
289,37,238939,2532,52,3874,3958.97,2.193340217,97.80665978,3959,2.19411461,97.80588539
226,13,234964,2816,17,4538,4437.25,2.220141031,97.77985897,4437,2.225650066,97.77434993
86,12,2352,491,-34,29,40.083,38.21724138,61.78275862,40,37.93103448,62.06896552
163,13,54011,1101,44,2375,2402.117,1.141768421,98.85823158,2402,1.136842105,98.86315789
181,47,42297,2125,65,592,630.321,6.473141892,93.52685811,630,6.418918919,93.58108108
295,21,90996,1452,75,1363,1404.872,3.072046955,96.92795304,1405,3.081438004,96.918562
128,47,14166,228,35,237,264.089,11.42995781,88.57004219,264,11.39240506,88.60759494
270,13,330612,1442,58,6914,6914.544,0.007868094,99.99213191,6915,0.014463408,99.98553659
234,47,140844,1669,47,1549,1759.858,13.61252421,86.38747579,1760,13.62169141,86.37830859
87,13,2367,524,33,65,40.476,37.72923077,62.27076923,40,38.46153846,61.53846154
257,12,656485,2395,-42,12608,12642.647,0.274801713,99.72519829,12643,0.277601523,99.72239848
279,1,159713,544,21,2559,2566.721,0.301719422,99.69828058,2567,0.312622118,99.68737788
197,37,91563,1816,64,1568,1639.136,4.536734694,95.46326531,1639,4.528061224,95.47193878
240,13,272456,2819,20,5393,5329.84,1.171147784,98.82885222,5330,1.168180975,98.83181902
316,28,130665,1271,6,3514,3446.338,1.925498008,98.07450199,3446,1.935116676,98.06488332
221,21,34758,962,236,772,783.715,1.517487047,98.48251295,784,1.554404145,98.44559585
249,51,126926,1199,144,2678,2604.487,2.745070948,97.25492905,2604,2.763256161,97.23674384
162,21,11883,175,81,484,490.233,1.287809917,98.71219008,490,1.239669421,98.76033058
253,13,299621,2192,37,6128,6153.907,0.42276436,99.57723564,6154,0.424281984,99.57571802
149,37,25413,784,21,827,867.626,4.912454655,95.08754534,868,4.957678356,95.04232164
311,28,125885,1031,0,3433,3424.326,0.252665307,99.74733469,3424,0.262161375,99.73783863
166,21,12445,0,141,499,503.048,0.811222445,99.18877756,503,0.801603206,99.19839679
157,51,49397,865,50,1460,1423.794,2.479863014,97.52013699,1424,2.465753425,97.53424658
107,47,6262,426,1,141,152.964,8.485106383,91.51489362,153,8.510638298,91.4893617
216,51,94251,1145,27,2244,2080.522,7.285115865,92.71488414,2081,7.263814617,92.73618538
301,12,776215,4226,-23,16505,16511.211,0.037631021,99.96236898,16511,0.03635262,99.96364738
286,28,105941,1009,18,3115,3104.629,0.3329374,99.6670626,3105,0.321027287,99.67897271
309,47,269802,3445,35,3478,3545.701,1.946549741,98.05345026,3546,1.955146636,98.04485336
148,28,14372,328,22,692,647.497,6.431069364,93.56893064,647,6.502890173,93.49710983
285,45,157406,785,3,3552,3514.431,1.057685811,98.94231419,3514,1.06981982,98.93018018
206,1,76136,1792,37,1439,1467.581,1.986170952,98.01382905,1468,2.015288395,97.98471161
284,45,156621,945,31,3551,3525.938,0.705773022,99.29422698,3526,0.704027035,99.29597297
319,28,134309,969,23,3543,3323.53,6.194467965,93.80553203,3324,6.181202371,93.81879763
202,12,355899,10287,-20,5072,5097.022,0.493335962,99.50666404,5097,0.492902208,99.50709779
320,37,312235,3117,13,4806,4787.964,0.375280899,99.6247191,4788,0.374531835,99.62546816
324,28,140429,1638,2,3642,3450.963,5.24538715,94.75461285,3451,5.244371225,94.75562878
184,28,28770,0,41,1092,1081.066,1.001282051,98.99871795,1081,1.007326007,98.99267399
250,45,124952,663,96,2887,2752.468,4.659923796,95.3400762,2752,4.676134396,95.3238656
248,28,85939,823,30,2558,2527.956,1.174511337,98.82548866,2528,1.172791243,98.82720876
164,45,17170,729,44,593,625.208,5.431365936,94.56863406,625,5.396290051,94.60370995
146,13,41622,532,67,1830,1744.258,4.685355191,95.31464481,1744,4.699453552,95.30054645
155,21,10410,225,98,450,446.488,0.780444444,99.21955556,446,0.888888889,99.11111111
97,37,2870,285,22,33,52.609,59.42121212,40.57878788,53,60.60606061,39.39393939
199,47,73819,2279,89,815,830.527,1.905153374,98.09484663,831,1.963190184,98.03680982
121,28,7212,643,15,282,268.452,4.804255319,95.19574468,268,4.964539007,95.03546099
152,37,28590,916,75,886,877.688,0.938148984,99.06185102,878,0.902934537,99.09706546
237,37,158678,1389,48,2535,2523.31,0.461143984,99.53885602,2523,0.473372781,99.52662722
212,13,186426,4183,18,3671,3683.333,0.335957505,99.6640425,3683,0.326886407,99.67311359
105,12,20984,590,-52,571,619.124,8.428021016,91.57197898,619,8.406304729,91.59369527
161,51,52177,439,85,1514,1478.983,2.312879789,97.68712021,1479,2.311756935,97.68824306
318,12,858585,6760,-24,17445,17482.303,0.213832044,99.78616796,17482,0.212095156,99.78790484
247,51,124779,1111,59,2662,2656.255,0.215815177,99.78418482,2656,0.22539444,99.77460556
230,1,109004,571,30,1925,1953.918,1.502233766,98.49776623,1954,1.506493506,98.49350649
98,37,3221,351,24,46,63.319,37.65,62.35,63,36.95652174,63.04347826
123,28,7441,229,28,291,286.105,1.682130584,98.31786942,286,1.718213058,98.28178694
120,28,6569,0,-7,250,231.673,7.3308,92.6692,232,7.2,92.8
121,47,10735,603,0,199,246.916,24.07839196,75.92160804,247,24.12060302,75.87939698
135,13,33657,326,21,1527,1467.36,3.905697446,96.09430255,1467,3.929273084,96.07072692
330,51,228901,2600,25,4029,4015.571,0.333308513,99.66669149,4016,0.32266071,99.67733929
91,1,999,52,-23,13,19.974,53.64615385,46.35384615,20,53.84615385,46.15384615
302,1,187706,1269,-15,2911,2907.294,0.127310203,99.8726898,2907,0.137409825,99.86259018
273,1,153554,571,9,2517,2514.386,0.103853794,99.89614621,2514,0.119189511,99.88081049
282,47,209447,1992,69,2705,2698.394,0.244214418,99.75578558,2698,0.258780037,99.74121996
88,21,394,92,100,9,9.344,3.822222222,96.17777778,9,0,100
202,45,71445,1459,47,1164,1252.789,7.627920962,92.37207904,1253,7.64604811,92.35395189
104,28,3087,145,-14,111,90.153,18.78108108,81.21891892,90,18.91891892,81.08108108
287,28,106817,876,27,3140,3118.922,0.671273885,99.32872611,3119,0.668789809,99.33121019
193,21,19121,451,211,622,633.491,1.847427653,98.15257235,633,1.768488746,98.23151125
289,13,358533,1864,22,7492,7475.289,0.223051255,99.77694875,7475,0.226908703,99.7730913
233,13,254163,2939,-2,4904,4767.355,2.786398858,97.21360114,4767,2.793637847,97.20636215
120,1,7105,158,-11,260,240.402,7.537692308,92.46230769,240,7.692307692,92.30769231
172,45,23786,1155,104,644,668.465,3.798913043,96.20108696,668,3.726708075,96.27329193
238,12,599176,2665,-26,10580,10463.202,1.103950851,98.89604915,10463,1.105860113,98.89413989
96,12,11961,788,-70,221,275.259,24.55158371,75.44841629,275,24.43438914,75.56561086
282,45,154755,1050,36,3514,3478.059,1.022794536,98.97720546,3478,1.024473534,98.97552647
104,13,13289,1086,-6,481,455.597,5.281288981,94.71871102,456,5.197505198,94.8024948
267,1,147153,569,14,2488,2476.836,0.448713826,99.55128617,2477,0.442122186,99.55787781
248,1,130393,1108,40,2266,2264.827,0.051765225,99.94823477,2265,0.044130627,99.95586937
239,37,161466,1342,50,2606,2569.659,1.394512663,98.60548734,2570,1.381427475,98.61857252
327,45,206295,1277,6,4283,4272.065,0.255311697,99.7446883,4272,0.256829325,99.74317067
315,21,124646,2079,37,1590,1663.158,4.601132075,95.39886792,1663,4.591194969,95.40880503
248,51,125727,948,85,2677,2696.092,0.713186403,99.2868136,2696,0.70974972,99.29025028
90,1,947,117,10,6,14.361,139.35,-39.35,14,133.3333333,-33.33333333
126,28,8422,215,15,374,340.471,8.964973262,91.03502674,340,9.090909091,90.90909091
231,21,40299,608,65,830,847.347,2.09,97.91,847,2.048192771,97.95180723
273,28,98190,1141,24,2969,2919.653,1.662074773,98.33792523,2920,1.650387336,98.34961266
185,12,175718,9415,-6,3684,3525.333,4.306921824,95.69307818,3525,4.315960912,95.68403909
184,51,63735,532,112,1816,1792.212,1.309911894,98.69008811,1792,1.321585903,98.6784141
171,21,13454,257,147,522,535.659,2.616666667,97.38333333,536,2.681992337,97.31800766
218,1,94819,972,51,1698,1831.439,7.858598351,92.14140165,1831,7.832744405,92.16725559
169,47,32143,313,98,497,522.804,5.19195171,94.80804829,523,5.23138833,94.76861167
131,45,7653,122,26,331,327.759,0.979154079,99.02084592,328,0.906344411,99.09365559
314,13,406904,1648,12,8223,8270.919,0.582743524,99.41725648,8271,0.583728566,99.41627143
234,37,154018,2075,46,2494,2475.426,0.744747394,99.25525261,2475,0.761828388,99.23817161
265,28,94021,465,20,2846,2825.858,0.707730148,99.29226985,2826,0.702740689,99.29725931
333,37,357958,3444,41,5219,5226.307,0.140007664,99.85999234,5226,0.134125311,99.86587469
218,12,497181,5408,-21,7627,7548.673,1.026969975,98.97303002,7549,1.022682575,98.97731742
237,13,264540,2441,7,5156,5108.391,0.92337083,99.07662917,5108,0.930954228,99.06904577
88,45,660,121,12,15,8.415,43.9,56.1,8,46.66666667,53.33333333
148,45,10623,207,-4,466,475.586,2.057081545,97.94291845,476,2.145922747,97.85407725
182,45,36399,1755,48,739,838.866,13.51366712,86.48633288,839,13.53179973,86.46820027
327,1,232506,1798,15,3457,3466.077,0.262568701,99.7374313,3466,0.260341336,99.73965866
289,28,109255,1116,16,3160,3149.839,0.321550633,99.67844937,3150,0.316455696,99.6835443
139,21,7935,247,3,346,353.989,2.308959538,97.69104046,354,2.312138728,97.68786127
242,21,47577,820,135,921,932.99,1.30184582,98.69815418,933,1.302931596,98.6970684
163,37,39483,1310,46,1064,1068.427,0.416071429,99.58392857,1068,0.37593985,99.62406015
282,51,156649,1114,62,3344,3334.312,0.289712919,99.71028708,3334,0.299043062,99.70095694
100,12,16323,1089,-46,371,420.286,13.28463612,86.71536388,420,13.20754717,86.79245283
237,51,114636,1006,56,2495,2458.014,1.48240481,98.51759519,2458,1.482965932,98.51703407
170,45,21548,992,63,621,658.538,6.044766506,93.95523349,659,6.119162641,93.88083736
332,1,242874,917,12,3572,3606.375,0.962346025,99.03765398,3606,0.951847704,99.0481523
100,13,10693,613,-10,413,365.565,11.48547215,88.51452785,366,11.38014528,88.61985472
103,1,3583,321,-50,61,70.086,14.89508197,85.10491803,70,14.75409836,85.24590164
140,28,11967,263,34,570,523.737,8.116315789,91.88368421,524,8.070175439,91.92982456
197,13,129193,4102,38,3091,3033.85,1.848916208,98.15108379,3034,1.84406341,98.15593659
