days,fips,new_case,tot_death,new_death,retail_and_recreation_%change,grocery_and_pharmacy_%change,parks_%change,transit_stations_%change,workplaces_%change,residential_%change,actual cases,predicted cases
89,12,891,60,4,-50,-26,-48,-63,-41,13,4768,3801.073
67,21,1,0,0,15,16,85,15,4,-2,1,1.741
144,13,979,1814,6,-18,2,62,-31,-18,5,40366,41636.403
78,45,13,1,0,-19,11,10,-4,-21,9,60,56.799
325,51,2348,3938,26,-18,-5,27,-31,-33,11,215680,219013.442
208,1,1164,1473,17,-13,-1,51,5,-18,4,79294,75521.629
270,37,1759,3440,31,-13,-1,73,-20,-10,2,206090,201336.663
258,28,505,2734,28,-3,7,26,7,-21,2,90523,94057.492
131,28,173,435,5,-11,14,39,-14,-23,3,9674,10550.434
225,12,8059,8765,212,-22,-15,-19,-42,-36,11,545040,529508.723
321,1,1410,3249,1,-12,-3,2,-9,-21,5,219232,201460.218
280,12,2202,14767,55,-22,-12,-30,-39,-30,8,711358,710614.405
214,12,9591,7022,179,-28,-11,-30,-46,-22,7,474621,456851.354
330,13,3177,9297,76,4,30,4,-20,-41,8,457909,454743.918
288,1,784,2706,41,-8,-2,22,-5,-23,5,167977,167849.868
120,12,332,1218,47,-38,-18,-36,-51,-45,18,32318,31911.224
77,28,22,0,0,-3,21,34,2,-18,6,34,71.87
156,21,295,458,8,-9,8,48,-13,-33,10,10705,11345.73
192,13,4623,2965,35,-13,-4,68,-31,-37,10,111956,116137.152
205,28,1610,1463,27,-5,0,27,2,-28,8,49663,57997.907
199,12,11362,4805,128,-25,-13,-20,-43,-37,13,323002,327385.814
152,47,439,366,0,-6,7,105,-13,-14,2,23159,23077.918
282,13,1827,7294,35,-13,-6,22,-29,-30,8,348022,346663.879
295,28,958,3231,8,-8,-5,21,7,-18,4,113081,114527.123
83,45,103,5,2,-34,-7,-21,-25,-30,13,298,403.104
236,51,1558,2471,28,-15,-4,96,-23,-15,3,113630,125931.767
172,37,1549,1212,15,-13,8,95,-16,-10,2,51399,49955.894
240,47,1826,1673,25,-9,-3,56,-13,-28,6,149179,146377.168
106,51,389,208,13,-33,-12,1,-49,-50,21,6889,7169.006
220,47,2432,1206,20,-8,-1,98,-10,-31,7,118782,118727.02
72,51,14,0,0,7,20,44,-3,-3,0,29,35.527
184,12,10015,3617,67,-16,-4,-10,-34,-37,11,166303,170137.018
122,51,0,581,0,-30,-8,13,-45,-47,20,16901,17308.94
89,45,114,16,1,-38,-11,-4,-34,-34,9,774,1007.705
206,37,2145,1746,20,-12,-1,69,-23,-34,9,109577,107924.658
180,13,2186,2778,2,-14,-4,55,-31,-15,4,77596,81147.093
257,28,144,2706,9,-9,0,24,8,-19,1,90018,91190.425
176,37,1724,1271,20,-9,2,70,-22,-33,9,56194,54885.218
229,1,853,1898,2,-11,0,51,6,-17,3,108433,100519.12
291,51,900,3433,11,-13,1,99,-16,-11,2,166138,173927.911
193,51,888,1966,4,-17,3,118,-15,-12,3,70670,71553.714
130,12,802,1715,46,-33,-3,-26,-49,-28,9,40001,39226.221
324,1,2424,3419,72,-13,-1,-3,-9,-21,6,225910,235658.94
186,28,226,1111,4,-30,-2,53,-15,-30,5,30900,37033.384
307,21,1028,1492,3,-12,-4,2,-11,-27,8,109670,113834.96
221,1,1869,1751,20,-12,3,68,12,-10,2,100353,95731.42
143,1,294,543,9,-11,4,40,-3,-32,11,13941,13862.588
199,13,4233,3132,28,-13,-3,69,-31,-38,10,137102,136024.502
166,51,380,1552,6,-17,-2,109,-23,-15,4,54886,54524.64
154,51,666,1428,21,-18,0,76,-35,-40,14,46905,46859.583
201,45,2374,1155,20,-10,3,57,8,-17,4,69986,65858.572
195,45,1520,972,11,-6,3,55,-4,-30,8,58168,57505.565
254,21,795,1035,22,-11,2,94,-8,-31,5,54772,56981.629
200,47,2517,838,23,-11,6,131,1,-10,2,76336,73962.32
85,28,108,5,3,-24,-5,26,-13,-34,13,485,512.685
259,37,1210,3111,51,-10,0,79,-24,-30,7,190645,186372.445
144,28,247,625,10,-9,8,45,-2,-16,4,13252,14756.543
146,45,82,440,5,-13,0,68,-18,-65,18,10178,11227.965
317,51,1235,3785,27,-24,-13,-17,-40,-37,15,199263,188771.276
259,21,718,1074,9,-7,4,101,-3,-27,5,58000,58274.561
152,51,791,1392,17,-23,-4,96,-30,-17,5,45398,44570.966
61,13,0,0,0,13,7,49,8,2,-2,2,1.502
82,1,26,0,0,-40,-7,2,-22,-27,9,157,157.081
328,37,2419,5039,5,-9,5,21,-31,-29,7,339194,334591.362
293,37,1144,3939,5,-11,-1,58,-21,-29,6,247172,207046.13
228,47,1289,1345,19,-10,3,97,-3,-11,2,131747,120539.436
320,28,589,3545,2,-11,-7,4,2,-18,3,134898,138253.039
70,47,6,0,0,8,8,26,3,-1,1,7,14.469
228,51,938,2382,1,-22,-7,31,-22,-17,6,106691,106694.429
244,47,1818,1754,7,-8,-5,34,-16,-28,7,154933,150548.385
280,21,1036,1218,4,-10,1,69,-3,-29,5,74194,74918.953
93,21,90,31,11,-33,-3,42,-30,-46,17,770,1118.551
147,47,358,344,5,-7,4,54,-17,-32,10,21089,20683.973
130,1,284,394,8,-15,20,39,-3,-18,5,9923,9259.274
140,21,134,366,20,-20,4,30,-19,-37,13,8069,8741.487
222,12,6190,8186,77,-25,-16,-18,-43,-22,6,527036,503500.073
181,45,1324,720,4,-1,4,61,1,-29,8,34644,33399.4
168,28,489,939,24,6,10,57,3,-25,6,20641,22681.768
135,51,859,977,22,-29,-6,40,-42,-46,18,28672,29741.226
319,13,3035,8956,51,-12,-6,41,-25,-9,3,422905,426396.819
69,21,0,0,0,8,11,39,2,1,0,1,2.998
222,47,2127,1223,8,-7,3,94,-6,-16,2,122712,119938.867
106,1,288,75,2,-19,-2,10,-24,-40,15,4241,3879.063
126,1,367,323,23,-12,9,16,-14,-33,12,8679,8073.573
313,28,516,3443,0,-10,-7,10,6,-16,2,127205,127036.485
257,21,530,1060,3,-14,-1,85,1,-13,1,56945,56882.739
205,45,1564,1334,49,-6,1,43,-2,-31,9,76606,71919.176
163,21,62,493,9,-4,11,113,-7,-32,8,11945,11929.199
246,12,2310,11501,127,-23,-16,-21,-41,-34,9,626426,627024.445
195,13,3790,3026,25,-10,-1,48,-34,-38,10,121518,122160.411
97,47,170,65,21,-35,-9,3,-35,-43,16,3803,3212.122
161,45,428,568,11,0,7,59,5,-28,8,15228,14970.278
84,37,101,0,0,-31,-4,-8,-38,-34,15,398,436.734
314,47,5919,3610,15,-10,-5,33,-14,-23,7,287770,279950.319
205,1,2458,1399,36,-8,2,31,1,-30,9,74344,67060.45
301,51,1345,3616,16,-15,-4,50,-32,-34,10,176754,177177.514
265,45,416,3212,13,-7,-3,44,-6,-25,5,138124,149461.457
280,51,509,3303,12,-13,-2,67,-34,-35,9,153691,154335.152
77,21,4,0,0,-19,17,33,-6,-19,8,26,42.701
92,45,210,26,4,-30,-3,-26,-26,-40,15,1293,1606.669
334,28,1485,3807,1,-23,-20,-34,14,-24,7,153270,156793.882
76,12,6,5,1,-6,14,0,-16,-18,6,142,45.39
206,45,2001,1385,51,-11,-2,37,-1,-31,9,78607,72557.317
219,45,1325,1943,49,-8,-2,34,-4,-31,9,96797,98079.577
169,28,0,938,-1,8,9,55,8,-26,6,20641,20703.09
105,45,114,97,10,-29,-6,-11,-27,-41,15,3553,3844.593
305,1,1789,2967,35,-11,6,47,-6,-9,-1,192285,202708.663
133,12,941,1779,44,-30,-12,-24,-45,-39,15,41923,40515.922
329,12,8102,18157,72,-11,1,-21,-28,-34,8,938830,926584.461
304,21,1937,1476,15,-9,3,45,-6,-26,6,105242,109608.192
108,28,0,140,0,-27,-9,-6,-29,-39,16,3793,3619.328
72,13,33,1,1,8,24,23,-2,-1,0,88,83.536
228,21,632,810,6,-10,8,183,4,-11,1,38930,38219.062
332,37,8008,5210,72,-23,-15,51,-40,-60,16,354514,362878.751
289,21,1182,1296,20,-12,1,41,-3,-27,7,84195,85311.137
296,45,1128,3755,47,-8,-4,29,-3,-23,6,167485,172702.438
251,45,655,2907,20,-8,-2,90,-8,-66,15,125607,133068.852
273,13,1368,6994,33,-16,-7,-21,-35,-31,10,333811,338738.263
240,45,505,2628,55,-9,-3,31,-5,-28,7,114598,117615.906
316,13,2232,8333,-397,-12,-8,-15,-33,-34,11,413415,410210.174
214,47,2225,1067,7,-6,7,108,1,-10,2,108184,105094.414
297,1,3852,2859,16,-11,-6,20,-8,-22,5,180916,216281.257
185,47,1822,633,13,1,19,157,-11,-55,11,48712,46614.161
116,28,284,221,12,-26,-2,3,-25,-25,9,5718,5958.267
126,51,764,713,29,-28,-6,5,-45,-47,19,20256,20408.792
93,13,637,176,22,-29,11,-15,-46,-47,19,5443,6559.979
268,47,835,2310,35,-12,-6,14,-16,-25,8,187544,168678.442
142,1,347,534,10,-5,9,40,-4,-30,10,13647,13544.895
270,47,1437,2374,22,-9,1,111,-8,-6,0,190891,187191.071
156,45,354,525,7,-2,7,38,2,-28,9,13005,13352.472
206,28,1434,1480,17,-12,-7,18,-1,-30,9,51097,63677.017
133,37,301,577,27,-20,1,42,-31,-38,14,15346,14408.991
114,12,1052,987,60,-43,-21,-47,-55,-47,20,28843,28457.106
87,1,108,3,2,-30,-2,30,-24,-37,16,639,587.763
320,47,5817,3893,16,-10,-2,16,-14,-15,3,310937,298698.884
246,13,2386,5795,62,-11,-6,35,-31,-34,8,285667,286290.537
114,1,240,198,11,-35,-13,-31,-33,-42,20,6071,4910.843
148,37,488,794,28,-20,-6,-2,-32,-35,14,24629,21671.321
86,21,50,5,0,-33,-6,84,-27,-41,15,248,418.995
128,45,206,316,11,-15,4,10,-15,-35,13,7142,7203.698
286,12,1519,15412,48,-22,-15,-24,-36,-33,8,726934,724718.19
289,12,3286,15736,141,-22,-13,-21,-34,-29,8,735685,736206.077
192,37,2007,1479,18,-12,0,85,-21,-34,9,81534,80593.906
283,13,2011,7348,54,-14,-8,27,-27,-31,8,350033,351799.832
208,21,315,700,4,-11,2,136,2,-15,2,27079,27080.074
74,28,5,0,0,3,21,41,10,0,-1,6,14.5
170,21,202,520,2,-6,9,93,-8,-32,8,13197,13292.257
174,37,805,1223,3,-10,1,79,-23,-35,9,53616,50140.038
102,12,997,446,27,-49,-20,-54,-65,-40,15,18445,15949.411
236,12,3004,10325,51,-25,-16,-28,-44,-22,6,594287,590456.992
230,28,1071,2128,44,-7,-3,17,0,-27,5,73207,79344.192
107,21,138,129,7,-28,-4,29,-31,-45,17,2429,2863.082
132,45,139,346,15,-13,1,24,-14,-33,11,7792,8185.564
69,45,1,0,0,9,8,53,7,2,-1,7,1.948
245,21,789,948,15,-6,6,77,-6,-29,6,49185,48797.577
190,12,9882,3953,112,-22,-12,-14,-39,-36,12,220476,217908.095
236,13,1812,5132,40,-17,-7,33,-32,-19,4,262099,264286.302
95,51,395,52,6,-45,-14,4,-51,-34,14,2407,2868.489
96,1,208,31,5,-50,-18,-1,-40,-36,12,1841,2019.903
194,21,268,625,3,-10,3,122,1,-14,2,19389,20230.125
95,1,98,26,5,-41,8,4,-33,-26,11,1633,1482.186
293,51,926,3485,28,-14,-5,41,-32,-33,10,167754,169036.105
205,37,1945,1726,28,-13,-2,44,-25,-35,11,107432,104428.901
85,21,35,5,1,-33,-5,69,-23,-40,15,198,328.451
265,1,818,2439,2,-9,-4,28,-5,-26,5,145780,151554.155
263,45,922,3188,11,-8,1,67,-2,-11,1,137240,149472.847
171,1,803,823,13,-6,5,72,4,-29,6,29017,28119.833
98,21,141,65,6,-33,-3,55,-28,-47,16,1149,1604.043
218,47,1657,1144,27,-3,5,101,-10,-32,7,114098,111705.188
240,12,3229,10868,135,-25,-16,-23,-41,-34,10,605342,604961.118
179,12,9518,3390,24,-26,-10,-13,-40,-17,6,130092,126448.734
274,21,984,1174,4,-9,2,68,-5,-27,5,68840,68415.139
314,37,1521,4615,8,-14,-3,27,-28,-28,7,294860,288209.095
198,12,13764,4677,156,-22,-10,-15,-41,-37,12,311640,309745.506
311,47,1373,3541,32,-12,-7,38,-14,-23,6,273144,194238.721
298,37,2584,4144,30,-12,-1,100,-16,-10,1,258292,252284.639
255,1,1138,2333,32,-11,-6,38,-7,-26,4,136703,137417.094
220,21,542,764,4,-9,4,159,-4,-32,7,33796,33705.529
127,13,802,1327,69,-18,-2,17,-40,-42,15,28998,30713.673
121,13,537,1111,57,-23,-4,-15,-44,-45,18,25241,29061.073
276,47,971,2515,14,-7,-1,62,-10,-24,4,198403,178278.044
99,13,1130,371,20,-39,-14,-6,-49,-52,20,10080,10188.558
318,1,2980,3231,18,-12,-6,11,-11,-21,6,213617,225207.579
328,47,4074,4301,35,-5,2,18,-14,-28,8,344550,321800.893
239,47,1936,1648,20,-8,0,69,-16,-28,7,147353,143918.333
82,37,71,0,0,-39,-10,-7,-42,-29,9,255,287.731
240,28,599,2413,14,-14,-10,8,-6,-24,8,81294,109635.687
248,21,792,987,11,-8,6,133,3,-33,6,51677,52419.307
163,51,564,1534,14,-17,-1,50,-35,-40,14,53211,52813.843
243,12,2547,11119,14,-27,-19,-34,-46,-23,6,614753,615132.372
197,1,1805,1211,45,-3,3,42,1,-31,8,59113,56468.438
151,47,484,366,5,-9,8,133,-5,-5,1,22720,22382.064
289,45,1297,3607,14,-8,-3,25,-2,-24,6,161106,168797.599
304,28,824,3334,6,-10,-6,0,8,-25,2,120160,120950.028
83,1,39,0,0,-33,-6,-11,-22,-33,14,196,234.493
100,1,339,48,0,-35,-4,5,-31,-43,18,2838,2785.525
129,28,288,422,13,-20,-3,-12,-19,-34,15,9378,11210.423
173,13,885,2643,1,-14,0,50,-35,-18,2,64673,65857.865
191,28,1031,1215,11,-2,3,38,3,-29,8,34622,38654.161
128,37,639,507,30,-22,2,29,-37,-40,15,13397,13276.625
135,21,145,328,2,-18,7,90,-17,-39,12,7225,7290.576
236,21,463,881,9,-11,2,123,1,-12,1,43529,42986.305
254,37,1307,2990,32,-14,-3,49,-25,-33,7,184179,176242.433
295,51,1332,3524,9,-12,-3,56,-31,-34,10,170104,173976.947
138,45,155,385,5,-12,4,51,-4,-23,5,8816,8495.35
220,51,1307,2322,5,-14,-2,76,-31,-39,11,99189,102274.663
284,47,1646,2758,26,-17,-6,29,-8,-11,4,212649,194602.705
317,12,5504,17372,72,-24,-17,-40,-41,-34,12,851825,848726.485
131,47,217,243,1,-12,14,50,-20,-23,3,15060,14404.205
187,47,1291,646,9,-14,-4,79,-8,-21,3,51431,47898.559
161,12,1070,2765,53,-20,-10,-20,-41,-32,12,64448,64138.701
157,21,272,466,8,-10,9,105,-10,-33,10,10977,11190.628
94,13,488,198,22,-37,0,4,-50,-48,20,5931,6226.503
309,28,1612,3405,8,-7,-5,5,7,-17,4,123887,155655.345
235,1,900,2011,15,-13,0,53,2,-9,3,114532,107573.1
244,45,668,2720,11,-8,-3,26,-9,-27,6,118992,124783.004
173,21,120,526,2,-11,7,89,-4,-13,1,13750,13922.481
149,21,107,409,9,-8,10,74,-12,-34,10,9184,9493.678
308,47,1770,3454,75,-3,4,44,-15,-27,7,266357,250536.087
291,37,2102,3929,19,-10,-1,97,-13,-11,1,243725,229644.278
67,45,2,0,0,11,7,53,18,3,-2,2,3.975
306,13,1435,7981,2,-12,-7,24,-28,-16,3,390428,389953.365
111,45,62,124,4,-30,-11,-25,-33,-40,16,4439,4451.375
288,45,926,3593,17,-7,-3,27,-5,-24,6,159809,161868.9
306,47,754,3353,0,-8,-1,38,-12,-16,2,261426,192792.758
201,13,3193,3173,5,-15,-4,51,-31,-21,4,145038,139205.973
282,21,868,1234,11,-11,0,77,-3,-29,6,77455,77955.452
270,21,970,1154,5,-11,4,175,3,-7,0,66036,66329.121
268,13,1608,6822,49,-17,-11,-24,-33,-32,11,327158,338336.68
104,21,85,104,7,-37,-13,-16,-39,-46,19,2048,2767.095
251,37,1039,2897,7,-12,-1,134,-31,-69,14,181070,165767.519
176,13,1835,2698,11,-10,-3,25,-33,-36,11,69639,69949.962
326,28,779,3676,19,-11,-4,19,19,-11,2,143180,144557.114
302,51,1429,3636,20,-12,-3,40,-31,-34,10,178183,178369.377
112,1,244,180,33,-23,-4,18,-23,-38,15,5668,5486.624
102,47,0,100,2,-40,2,11,-36,-33,10,4863,4518.892
300,21,924,1410,3,-14,-5,12,-7,-26,8,97866,94745.047
190,21,400,608,6,-4,8,97,-5,-32,8,17919,18903.424
314,51,1435,3726,13,-17,-8,29,-36,-32,11,194913,191265.405
168,47,670,493,10,2,7,108,-12,-28,7,31830,30501.346
297,28,1212,3255,17,-13,-11,6,1,-19,4,115088,133812.912
303,45,1100,3889,13,-9,-7,-1,-7,-27,7,174591,176811.313
90,28,90,20,4,-26,-6,4,-23,-34,13,937,977.254
242,51,938,2569,1,-19,-4,46,-22,-14,5,119747,121039.47
317,28,1305,3519,5,-12,-8,9,3,-18,5,131970,136959.157
154,28,301,782,14,5,8,43,3,-25,7,16322,17123.498
103,28,300,98,5,-63,-44,-50,-49,-43,14,2942,3717.474
278,37,610,3634,5,-11,-2,35,-21,-15,1,217496,190940.414
334,51,1893,4062,4,-20,-12,19,-18,-15,5,237836,231819.271
152,21,0,431,0,-9,10,153,-4,-13,2,9704,10217.006
188,13,1642,2878,18,-12,-4,20,-32,-41,11,97534,89833.949
234,51,1212,2443,7,-15,-5,74,-31,-39,11,112072,113180.51
110,1,223,165,52,-45,-24,-44,-45,-37,12,4946,5993.085
174,28,1646,978,40,-4,0,17,2,-28,7,22287,31898.286
325,1,2463,3451,32,-12,-4,7,-7,-21,6,228373,229095.461
268,1,1053,2480,-8,-17,-10,-14,-12,-25,8,148206,146259.701
218,51,818,2299,25,-9,0,79,-31,-41,11,95867,97774.196
293,13,1134,7657,19,-14,-6,35,-30,-28,7,364909,365603.782
109,21,185,144,7,-34,-3,67,-29,-29,9,2707,3562.07
278,12,1813,14671,43,-23,-15,-44,-42,-22,5,707751,706620.546
210,1,1260,1493,1,-9,-1,24,-4,-30,9,82530,78613.215
118,21,72,213,5,-20,-1,55,-27,-42,15,4146,4872.136
311,51,2103,3704,22,-17,-8,41,-32,-32,11,190874,222170.628
90,45,151,18,2,-30,-8,-1,-30,-36,13,925,1158.866
83,47,110,2,0,-32,-2,-16,-27,-34,15,615,451.313
189,47,1359,665,12,-1,5,103,-9,-33,8,53514,49854.866
266,21,814,1119,7,-11,0,79,-4,-28,6,62731,62431.633
320,21,1449,1661,3,-17,-3,16,-6,-13,4,137586,138043.389
274,45,308,3378,19,-5,-3,23,-6,-25,5,147942,146607.301
223,51,996,2344,17,-12,-4,69,-34,-39,11,101746,102452.073
246,37,1216,2779,38,-12,-4,45,-25,-33,8,173509,161039.399
265,12,1671,13317,21,-24,-17,-32,-40,-33,9,677362,675276.584
287,12,2657,15531,119,-22,-13,-21,-37,-30,8,729591,728917.87
142,51,813,1136,37,-27,-6,14,-41,-45,18,34950,35505.934
90,13,389,103,19,-34,-10,2,-47,-44,16,3224,4278.719
145,51,1483,1208,37,-29,-7,62,-40,-27,7,37727,38676.997
277,12,2726,14628,74,-22,-14,-33,-42,-19,4,705938,703704.476
86,45,32,9,2,-31,-6,-5,-24,-35,15,456,456.09
101,37,257,74,9,-36,-6,12,-52,-57,21,3908,3587.33
253,12,2006,12115,200,-24,-17,-29,-42,-33,9,644781,644711.756
175,37,854,1251,28,-9,3,77,-21,-34,10,54470,51284.226
78,47,25,0,0,-15,14,21,-13,-22,9,98,89.015
205,12,10171,5518,173,-25,-16,-31,-43,-37,13,385091,388025.435
109,47,433,145,4,-33,-4,2,-28,-27,9,6763,6550.038
252,12,1797,11915,44,-25,-15,-30,-38,-35,9,642775,638712.019
88,13,225,79,14,-39,-10,14,-43,-28,12,2592,3123.191
190,45,1557,884,38,-5,2,36,-1,-32,9,48909,48225.421
228,45,1041,2260,56,-12,0,50,3,-13,3,105882,101876.545
330,21,3301,1835,26,-5,27,1,-6,-38,9,166139,165177.711
75,37,9,0,0,-8,13,-3,-14,-9,3,32,31.089
330,12,8126,18254,97,-4,15,-20,-24,-37,7,946956,942705.669
222,1,981,1768,17,-11,1,49,5,-17,3,101334,91219.775
180,1,1245,924,1,-10,1,58,11,-13,3,36350,35455.461
101,47,228,98,4,-36,-5,-5,-39,-53,20,4863,4145.072
153,12,651,2460,9,-21,-9,-24,-42,-33,11,55415,54885.609
274,28,696,2979,10,-4,-3,20,9,-19,3,98886,99879.57
214,51,981,2218,3,-16,3,93,-16,-13,4,91782,92819.109
74,1,0,0,0,1,28,55,12,4,0,1,11.434
102,51,568,130,9,-40,-9,17,-49,-36,13,5077,5302.933
149,1,467,594,10,-6,7,31,-4,-28,10,16729,15710.118
154,21,139,442,3,-5,12,95,-10,-32,9,10185,10707.136
257,47,933,2078,14,-12,-3,49,-12,-18,2,171824,166847.376
125,51,0,684,0,-26,-7,39,-45,-45,17,19492,20003.283
242,12,3132,11105,148,-26,-16,-22,-45,-20,5,612206,613017.649
248,47,1051,1837,22,-7,0,83,-6,-30,5,160597,151920.499
302,21,1857,1442,14,-13,-1,31,-7,-25,7,101494,103581.926
246,21,806,966,18,-10,1,64,-8,-30,7,49991,52555.446
103,13,157,447,15,-63,-42,-57,-65,-49,14,12203,13818.735
267,28,737,2874,4,-11,-9,0,1,-20,6,95310,100420.065
320,13,2084,8957,1,-14,-7,13,-29,-16,3,424989,425810.426
321,51,2125,3835,30,-17,-6,13,-36,-32,11,206763,216824.429
122,13,935,1167,56,-21,-2,45,-41,-43,15,26176,29873.169
160,51,487,1496,19,-16,-3,70,-35,-38,13,51738,50514.817
288,37,1926,3856,40,-11,-3,49,-23,-29,7,236407,234397.529
92,13,570,154,24,-30,1,-5,-44,-47,18,4806,5658.66
262,45,872,3177,19,-9,-4,23,-7,-26,5,136318,143615.296
226,37,1978,2287,38,-12,-2,41,-24,-35,9,142636,139514.862
178,21,242,553,7,-9,6,141,-3,-32,8,14859,15079.658
206,21,784,691,7,-11,3,135,-6,-32,8,25931,26916.008
95,13,422,208,10,-50,-18,-18,-53,-36,16,6353,6452.456
164,28,865,889,21,-4,2,50,2,-26,6,19348,24775.536
188,51,638,1881,28,-11,-1,75,-29,-42,12,66740,67626.924
238,21,669,895,10,-12,1,80,-9,-32,7,44568,44727.819
228,37,1662,2343,30,-16,-3,41,-20,-15,4,145508,143551.905
113,28,437,201,18,-18,-2,-5,-21,-38,14,5153,5721.544
260,13,2669,6419,21,-16,-12,-8,-36,-33,10,313535,324894.91
248,13,2298,5931,63,-11,-4,56,-23,-35,7,290938,291779.188
122,12,1038,1314,46,-36,-13,-27,-51,-43,18,34728,35220.074
300,13,1346,7827,18,-15,-6,25,-30,-28,7,377553,377606.167
139,45,126,391,6,-10,-1,15,-14,-30,11,8942,8593.731
64,12,0,0,0,6,6,14,1,1,0,2,3.148
284,21,989,1249,7,-12,2,111,6,-9,2,79445,79888.827
195,37,1846,1510,7,-9,2,77,-23,-35,9,87756,84624.026
300,51,1134,3600,19,-16,-6,24,-34,-32,11,175409,174007.822
134,13,558,1505,41,-16,-2,32,-39,-40,14,33331,34413.785
324,37,4296,4936,38,-15,-2,2,-31,-28,9,325158,329933.233
191,12,8891,4009,56,-22,-10,-12,-39,-36,12,229367,218660.643
192,21,425,620,8,-10,5,127,-4,-33,8,18670,19505.596
297,47,3606,3076,65,-10,-5,64,-9,-24,5,241513,249595.48
213,13,4308,3752,81,-11,-3,63,-30,-37,9,190734,198263.761
221,45,1241,2007,45,-10,3,80,7,-11,2,99460,96033.687
190,1,1170,1057,25,-3,3,40,1,-31,8,46991,45199.735
121,1,201,280,20,-18,3,15,-18,-37,14,7306,6790.652
103,12,892,461,15,-66,-49,-63,-69,-50,15,19337,16041.263
293,1,859,2789,1,-12,-4,18,-8,-22,5,173485,175837.091
155,45,236,518,17,2,8,49,3,-28,8,12651,12393.644
87,37,128,3,1,-35,-6,38,-45,-39,16,764,730.852
249,37,1586,2889,50,-12,2,121,-14,-16,1,178932,174743.136
250,37,1099,2890,1,-9,1,105,-23,-19,1,180031,165278.69
235,51,0,2443,0,-18,-1,88,-18,-13,3,112072,112029.805
223,21,272,775,2,-9,0,65,-9,-32,9,35254,35759.767
218,45,1282,1894,47,-7,-2,34,-4,-32,8,95472,96896.726
211,47,1778,1020,21,-4,2,87,-13,-32,8,100822,98283.467
76,28,2,0,0,4,25,24,4,-14,4,12,15.858
129,47,346,241,4,-21,-1,-21,-26,-37,15,14512,12461.866
143,13,1031,1808,50,-16,-1,51,-33,-38,13,39387,41344.068
191,13,2838,2930,8,-10,-1,21,-32,-38,12,107333,103544.285
117,12,684,1074,19,-47,-23,-52,-63,-40,12,30680,29965.835
264,1,798,2437,0,-11,-2,46,-2,-16,2,144962,150930.782
71,51,7,0,0,7,9,40,0,-1,0,15,20.589
252,13,1744,6070,26,-14,-4,28,-29,-35,9,297429,295687.249
321,28,905,3581,36,-11,-7,-1,3,-18,4,135803,137852.213
261,12,3273,13086,147,-24,-16,-24,-39,-33,9,666507,665662.577
173,51,471,1620,9,-16,1,104,-22,-14,3,58465,58279.853
212,47,2049,1033,13,-6,0,62,-12,-33,8,102871,102042.874
289,37,2532,3874,18,-11,-1,52,-20,-29,7,238939,236721.654
226,13,2816,4538,82,-12,-4,17,-30,-37,10,234964,246380.504
86,12,491,29,6,-40,-14,-34,-51,-42,18,2352,1748.391
163,13,1101,2375,46,-9,2,44,-35,-35,11,54011,53775.539
181,47,2125,592,8,-3,-1,65,-11,-31,9,42297,40696.723
295,21,1452,1363,21,-11,0,75,-3,-25,6,90996,91618.774
128,47,228,237,-2,-12,6,35,-20,-35,11,14166,13389.208
270,13,1442,6914,40,-13,-6,58,-25,-11,2,330612,331009.108
234,47,1669,1549,61,-12,-6,47,-14,-30,8,140844,133929.047
87,13,524,65,5,-35,-9,33,-45,-42,18,2367,2822.12
257,12,2395,12608,8,-27,-18,-42,-46,-23,6,656485,655628.362
279,1,544,2559,1,-7,-2,21,-6,-24,4,159713,157170.25
197,37,1816,1568,16,-9,1,64,-25,-35,9,91563,88968.19
240,13,2819,5393,82,-15,-7,20,-33,-33,10,272456,273690.657
83,37,42,0,0,-32,-5,-17,-41,-33,14,297,291.659
316,28,1271,3514,17,-7,-5,6,5,-24,6,130665,135841.118
221,21,962,772,8,-9,10,236,12,-8,0,34758,35787.422
249,51,1199,2678,1,-14,3,144,-16,-16,1,126926,133613.791
162,21,175,484,7,-4,11,81,-9,-32,9,11883,11653.883
253,13,2192,6128,58,-14,-7,37,-31,-34,8,299621,300297.254
149,37,784,827,33,-15,0,21,-30,-34,13,25413,23742.615
311,28,1031,3433,14,-13,-12,0,1,-18,4,125885,135791.01
166,21,0,499,0,-8,7,141,-1,-13,1,12445,12596.345
157,51,865,1460,7,-22,-3,50,-35,-40,15,49397,47910.364
107,47,426,141,7,-25,-3,1,-31,-42,15,6262,6113.437
216,51,1145,2244,26,-12,0,27,-36,-40,13,94251,95648.983
301,12,4226,16505,56,-21,-12,-23,-36,-29,8,776215,773354.316
286,28,1009,3115,14,-10,-8,18,4,-27,6,105941,107865.899
309,47,3445,3478,24,-12,-4,35,-18,-23,7,269802,267768.695
148,28,328,692,21,1,5,22,-2,-28,9,14372,15292.55
285,45,785,3552,1,-11,-5,3,6,-16,4,157406,151986.924
206,1,1792,1439,40,-11,-3,37,0,-30,10,76136,73349.646
284,45,945,3551,21,-12,-3,31,-5,-10,3,156621,159669.105
319,28,969,3543,3,-10,-6,23,6,-11,2,134309,135764.943
202,12,10287,5072,90,-23,-14,-20,-42,-37,11,355899,342720.586
320,37,3117,4806,50,-14,-4,13,-28,-14,3,312235,311529.496
324,28,1638,3642,23,-11,-5,2,4,-19,5,140429,154259.759
184,28,0,1092,0,10,13,41,10,-31,7,28770,30502.351
250,45,663,2887,10,0,5,96,3,-20,1,124952,119132.482
248,28,823,2558,22,-8,-3,30,13,-26,4,85939,87590.392
68,45,4,0,0,12,7,38,24,2,-1,6,7.553
164,45,729,593,5,-6,5,44,4,-29,8,17170,17955.275
146,13,532,1830,3,-23,-4,67,-51,-70,20,41622,42038.592
155,21,225,450,8,-3,16,98,-10,-32,9,10410,10738.87
97,37,285,33,2,-36,-10,22,-46,-44,16,2870,2151.883
199,47,2279,815,19,-9,1,89,-9,-32,8,73819,70671.681
78,37,22,0,0,-22,9,28,-23,-25,10,62,93.912
84,1,46,0,0,-32,-5,4,-18,-34,15,242,344.579
121,28,643,282,32,-10,6,15,-14,-35,12,7212,8300.521
152,37,916,886,9,-15,1,75,-25,-15,4,28590,27660.05
237,37,1389,2535,4,-15,-3,48,-26,-33,8,158678,154562.177
212,13,4183,3671,29,-11,-3,18,-33,-38,11,186426,185725.71
105,12,590,571,72,-46,-23,-52,-56,-48,20,20984,17278.94
161,51,439,1514,18,-15,1,85,-33,-39,13,52177,51944.504
318,12,6760,17445,73,-21,-12,-24,-37,-27,8,858585,865789.877
247,51,1111,2662,10,-11,0,59,-29,-39,10,124779,125439.629
230,1,571,1925,27,-9,-2,30,-3,-29,6,109004,107079.714
98,37,351,46,13,-36,-9,24,-44,-45,18,3221,2713.975
123,28,229,291,10,-16,8,28,-15,-22,6,7441,7286.552
120,28,0,250,0,-11,2,-7,-18,-37,14,6569,6601.601
121,47,603,199,7,-18,2,0,-25,-39,14,10735,10569.284
135,13,326,1527,22,-17,-2,21,-40,-40,15,33657,34847.194
330,51,2600,4029,21,2,28,25,-26,-43,11,228901,230991.063
91,1,52,13,7,-36,-11,-23,-26,-40,17,999,753.353
302,1,1269,2911,19,-13,-3,-15,-14,-24,7,187706,181706.415
273,1,571,2517,16,-11,-7,9,-10,-22,6,153554,152544.609
282,47,1992,2705,63,-8,-2,69,-9,-27,5,209447,215068.339
88,21,92,9,1,-38,-6,100,-28,-29,9,394,650.063
202,45,1459,1164,9,-7,1,47,-6,-31,8,71445,67564.157
104,28,145,111,13,-27,-9,-14,-28,-40,14,3087,3445.817
287,28,876,3140,25,-8,-3,27,6,-20,4,106817,109872.51
193,21,451,622,2,-12,9,211,11,-9,1,19121,19980.524
289,13,1864,7492,22,-11,-4,22,-29,-30,8,358533,356549.946
233,13,2939,4904,55,-16,-8,-2,-33,-35,11,254163,262052.896
120,1,158,260,17,-22,-4,-11,-24,-39,16,7105,6119.201
172,45,1155,644,5,-4,15,104,17,-8,1,23786,24473.303
238,12,2665,10580,183,-25,-15,-26,-42,-35,10,599176,597537.887
96,12,788,221,26,-57,-33,-70,-70,-45,15,11961,10145.402
282,45,1050,3514,12,-7,-3,36,0,-24,6,154755,155391.399
104,13,1086,481,34,-38,-16,-6,-52,-48,18,13289,14238.111
267,1,569,2488,31,-8,-5,14,-7,-24,6,147153,150801.194
248,1,1108,2266,33,-5,1,40,7,-29,5,130393,121137.796
239,37,1342,2606,36,-13,-3,50,-27,-32,8,161466,157194.25
327,45,1277,4283,9,-8,0,6,4,-11,3,206295,201942.236
315,21,2079,1590,14,-13,-1,37,-7,-26,7,124646,124893.927
248,51,948,2677,15,-12,1,85,-26,-40,10,125727,126970.901
90,1,117,6,2,-33,-10,10,-25,-38,14,947,890.073
126,28,215,374,32,-5,11,15,-10,-33,11,8422,8505.721
231,21,608,830,12,-11,1,65,-11,-30,7,40299,40573.05
273,28,1141,2969,48,-8,-4,24,3,-18,4,98190,106725.461
185,12,9415,3684,67,-19,0,-6,-42,-53,16,175718,183861.558
184,51,532,1816,30,-2,12,112,-23,-41,10,63735,64631.332
171,21,257,522,2,-8,9,147,-5,-33,6,13454,13491.322
218,1,972,1698,30,-2,4,51,0,-30,7,94819,86299.112
169,47,313,497,4,1,8,98,-12,-29,7,32143,29857.912
131,45,122,331,1,-17,11,26,-14,-26,4,7653,7554.427
314,13,1648,8223,29,-15,-7,12,-32,-27,8,406904,403646.932
234,37,2075,2494,29,-15,-4,46,-26,-33,9,154018,152193.215
265,28,465,2846,36,-7,-7,20,2,-21,4,94021,99499.259
333,37,3444,5219,9,-20,-12,41,-24,-17,4,357958,353931.136
218,12,5408,7627,225,-23,-16,-21,-42,-37,11,497181,491413.683
237,13,2441,5156,24,-18,-9,7,-35,-34,10,264540,270698.142
88,45,121,15,2,-35,-4,12,-32,-25,9,660,817.677
148,45,207,466,20,-11,-3,-4,-6,-31,12,10623,10926.803
182,45,1755,739,19,0,6,48,1,-30,9,36399,37425.634
327,1,1798,3457,0,-12,0,15,-1,-12,3,232506,203875.267
289,28,1116,3160,8,-9,-5,16,8,-18,4,109255,113328.501
139,21,247,346,12,-22,-3,3,-25,-36,14,7935,8872.086
242,21,820,921,3,-12,3,135,-2,-9,2,47577,47158.432
163,37,1310,1064,11,-11,2,46,-27,-33,11,39483,38315.087
282,51,1114,3344,16,-15,-3,62,-30,-35,10,156649,158144.233
100,12,1089,371,48,-46,-21,-46,-58,-50,21,16323,13875.547
237,51,1006,2495,24,-15,-6,56,-35,-38,11,114636,114820.433
170,45,992,621,4,-2,5,63,4,-28,8,21548,22956.168
332,1,917,3572,0,-21,-16,12,-30,-59,17,242874,167606.358
100,13,613,413,42,-37,-10,-10,-51,-51,21,10693,10915.205
103,1,321,61,1,-64,-47,-50,-51,-45,13,3583,3538.921
140,28,263,570,15,0,7,34,-5,-28,9,11967,12846.726
197,13,4102,3091,37,-8,-1,38,-31,-38,11,129193,127439.929
