days,fips,tot_cases,tot_death,new_death,retail_and_recreation_%change,grocery_and_pharmacy_%change,parks_%change,transit_stations_%change,workplaces_%change,residential_%change,actual cases,predicted cases,%error,%accuracy,predicted rounded,rounded %error,rounded %accuracy
89,12,4768,60,4,-50,-26,-48,-63,-41,13,891,608.643,31.68989899,68.31010101,609,31.64983165,68.35016835
67,21,1,0,0,15,16,85,15,4,-2,1,1.082,8.2,91.8,1,0,100
144,13,40366,1814,6,-18,2,62,-31,-18,5,979,680.722,30.46762002,69.53237998,681,30.4392237,69.5607763
78,45,60,1,0,-19,11,10,-4,-21,9,13,21.029,61.76153846,38.23846154,21,61.53846154,38.46153846
325,51,215680,3938,26,-18,-5,27,-31,-33,11,2348,2436.853,3.784199319,96.21580068,2437,3.790459966,96.20954003
208,1,79294,1473,17,-13,-1,51,5,-18,4,1164,1828.581,57.09458763,42.90541237,1829,57.13058419,42.86941581
270,37,206090,3440,31,-13,-1,73,-20,-10,2,1759,1564.605,11.05144969,88.94855031,1565,11.02899375,88.97100625
258,28,90523,2734,28,-3,7,26,7,-21,2,505,930.331,84.2239604,15.7760396,930,84.15841584,15.84158416
131,28,9674,435,5,-11,14,39,-14,-23,3,173,217.517,25.73236994,74.26763006,218,26.01156069,73.98843931
225,12,545040,8765,212,-22,-15,-19,-42,-36,11,8059,5762.855,28.49168631,71.50831369,5763,28.48988708,71.51011292
321,1,219232,3249,1,-12,-3,2,-9,-21,5,1410,1812.336,28.53446809,71.46553191,1812,28.5106383,71.4893617
280,12,711358,14767,55,-22,-12,-30,-39,-30,8,2202,2353.656,6.88719346,93.11280654,2354,6.902815622,93.09718438
214,12,474621,7022,179,-28,-11,-30,-46,-22,7,9591,8697.274,9.318381816,90.68161818,8697,9.321238661,90.67876134
330,13,457909,9297,76,4,30,4,-20,-41,8,3177,3500.74,10.19011646,89.80988354,3501,10.19830028,89.80169972
288,1,167977,2706,41,-8,-2,22,-5,-23,5,784,1097.079,39.93354592,60.06645408,1097,39.92346939,60.07653061
120,12,32318,1218,47,-38,-18,-36,-51,-45,18,332,883.816,166.2096386,-66.20963855,884,166.2650602,-66.26506024
77,28,34,0,0,-3,21,34,2,-18,6,22,5.371,75.58636364,24.41363636,5,77.27272727,22.72727273
156,21,10705,458,8,-9,8,48,-13,-33,10,295,253.02,14.23050847,85.76949153,253,14.23728814,85.76271186
192,13,111956,2965,35,-13,-4,68,-31,-37,10,4623,3283.922,28.96556349,71.03443651,3284,28.96387627,71.03612373
205,28,49663,1463,27,-5,0,27,2,-28,8,1610,1381.042,14.22099379,85.77900621,1381,14.22360248,85.77639752
199,12,323002,4805,128,-25,-13,-20,-43,-37,13,11362,10129.055,10.85147861,89.14852139,10129,10.85196268,89.14803732
152,47,23159,366,0,-6,7,105,-13,-14,2,439,286.24,34.79726651,65.20273349,286,34.85193622,65.14806378
282,13,348022,7294,35,-13,-6,22,-29,-30,8,1827,1796.692,1.658894362,98.34110564,1797,1.642036125,98.35796388
295,28,113081,3231,8,-8,-5,21,7,-18,4,958,805.074,15.96304802,84.03695198,805,15.97077244,84.02922756
83,45,298,5,2,-34,-7,-21,-25,-30,13,103,81.549,20.82621359,79.17378641,82,20.38834951,79.61165049
236,51,113630,2471,28,-15,-4,96,-23,-15,3,1558,946.178,39.26970475,60.73029525,946,39.28112965,60.71887035
172,37,51399,1212,15,-13,8,95,-16,-10,2,1549,1500.994,3.099160749,96.90083925,1501,3.098773402,96.9012266
240,47,149179,1673,25,-9,-3,56,-13,-28,6,1826,1309.344,28.29441402,71.70558598,1309,28.31325301,71.68674699
106,51,6889,208,13,-33,-12,1,-49,-50,21,389,352.974,9.261182519,90.73881748,353,9.254498715,90.74550129
220,47,118782,1206,20,-8,-1,98,-10,-31,7,2432,1928.354,20.70912829,79.29087171,1928,20.72368421,79.27631579
72,51,29,0,0,7,20,44,-3,-3,0,14,5.664,59.54285714,40.45714286,6,57.14285714,42.85714286
184,12,166303,3617,67,-16,-4,-10,-34,-37,11,10015,4575.811,54.31042436,45.68957564,4576,54.30853719,45.69146281
89,45,774,16,1,-38,-11,-4,-34,-34,9,114,110.795,2.811403509,97.18859649,111,2.631578947,97.36842105
206,37,109577,1746,20,-12,-1,69,-23,-34,9,2145,1862.363,13.17655012,86.82344988,1862,13.19347319,86.80652681
180,13,77596,2778,2,-14,-4,55,-31,-15,4,2186,1870.686,14.4242452,85.5757548,1871,14.40988106,85.59011894
257,28,90018,2706,9,-9,0,24,8,-19,1,144,599.647,316.4215278,-216.4215278,600,316.6666667,-216.6666667
176,37,56194,1271,20,-9,2,70,-22,-33,9,1724,1453.924,15.66566125,84.33433875,1454,15.6612529,84.3387471
229,1,108433,1898,2,-11,0,51,6,-17,3,853,795.999,6.682415006,93.31758499,796,6.682297773,93.31770223
291,51,166138,3433,11,-13,1,99,-16,-11,2,900,964.483,7.164777778,92.83522222,964,7.111111111,92.88888889
193,51,70670,1966,4,-17,3,118,-15,-12,3,888,1013.372,14.11846847,85.88153153,1013,14.07657658,85.92342342
130,12,40001,1715,46,-33,-3,-26,-49,-28,9,802,591.489,26.24825436,73.75174564,591,26.30922693,73.69077307
324,1,225910,3419,72,-13,-1,-3,-9,-21,6,2424,2616.248,7.931023102,92.0689769,2616,7.920792079,92.07920792
186,28,30900,1111,4,-30,-2,53,-15,-30,5,226,571.13,152.7123894,-52.71238938,571,152.6548673,-52.65486726
307,21,109670,1492,3,-12,-4,2,-11,-27,8,1028,1367.09,32.98540856,67.01459144,1367,32.9766537,67.0233463
221,1,100353,1751,20,-12,3,68,12,-10,2,1869,1514.344,18.97570894,81.02429106,1514,18.9941145,81.0058855
143,1,13941,543,9,-11,4,40,-3,-32,11,294,377.459,28.38741497,71.61258503,377,28.23129252,71.76870748
199,13,137102,3132,28,-13,-3,69,-31,-38,10,4233,3871.012,8.55157099,91.44842901,3871,8.551854477,91.44814552
166,51,54886,1552,6,-17,-2,109,-23,-15,4,380,689.044,81.32736842,18.67263158,689,81.31578947,18.68421053
154,51,46905,1428,21,-18,0,76,-35,-40,14,666,889.429,33.5478979,66.4521021,889,33.48348348,66.51651652
201,45,69986,1155,20,-10,3,57,8,-17,4,2374,1733.034,26.99941028,73.00058972,1733,27.00084246,72.99915754
195,45,58168,972,11,-6,3,55,-4,-30,8,1520,1835.827,20.77809211,79.22190789,1836,20.78947368,79.21052632
254,21,54772,1035,22,-11,2,94,-8,-31,5,795,810.54,1.954716981,98.04528302,811,2.012578616,97.98742138
200,47,76336,838,23,-11,6,131,1,-10,2,2517,1837.11,27.01191895,72.98808105,1837,27.01628923,72.98371077
85,28,485,5,3,-24,-5,26,-13,-34,13,108,89.757,16.89166667,83.10833333,90,16.66666667,83.33333333
259,37,190645,3111,51,-10,0,79,-24,-30,7,1210,1330.197,9.933636364,90.06636364,1330,9.917355372,90.08264463
144,28,13252,625,10,-9,8,45,-2,-16,4,247,324.909,31.54210526,68.45789474,325,31.57894737,68.42105263
146,45,10178,440,5,-13,0,68,-18,-65,18,82,274.159,234.3402439,-134.3402439,274,234.1463415,-134.1463415
317,51,199263,3785,27,-24,-13,-17,-40,-37,15,1235,2361.794,91.23838057,8.761619433,2362,91.25506073,8.744939271
259,21,58000,1074,9,-7,4,101,-3,-27,5,718,836.027,16.43830084,83.56169916,836,16.43454039,83.56545961
152,51,45398,1392,17,-23,-4,96,-30,-17,5,791,1048.636,32.57092288,67.42907712,1049,32.61694058,67.38305942
82,1,157,0,0,-40,-7,2,-22,-27,9,26,57.564,121.4,-21.4,58,123.0769231,-23.07692308
328,37,339194,5039,5,-9,5,21,-31,-29,7,2419,2327.859,3.767713931,96.23228607,2328,3.761885076,96.23811492
293,37,247172,3939,5,-11,-1,58,-21,-29,6,1144,1980.372,73.10944056,26.89055944,1980,73.07692308,26.92307692
228,47,131747,1345,19,-10,3,97,-3,-11,2,1289,1683.816,30.62963538,69.37036462,1684,30.64391001,69.35608999
320,28,134898,3545,2,-11,-7,4,2,-18,3,589,1291.261,119.2293718,-19.22937182,1291,119.1850594,-19.18505942
70,47,7,0,0,8,8,26,3,-1,1,6,2.005,66.58333333,33.41666667,2,66.66666667,33.33333333
228,51,106691,2382,1,-22,-7,31,-22,-17,6,938,662.484,29.37270789,70.62729211,662,29.42430704,70.57569296
244,47,154933,1754,7,-8,-5,34,-16,-28,7,1818,1188.489,34.62656766,65.37343234,1188,34.65346535,65.34653465
280,21,74194,1218,4,-10,1,69,-3,-29,5,1036,1097.972,5.981853282,94.01814672,1098,5.984555985,94.01544402
93,21,770,31,11,-33,-3,42,-30,-46,17,90,94.268,4.742222222,95.25777778,94,4.444444444,95.55555556
147,47,21089,344,5,-7,4,54,-17,-32,10,358,384.276,7.339664804,92.6603352,384,7.262569832,92.73743017
130,1,9923,394,8,-15,20,39,-3,-18,5,284,232.722,18.0556338,81.9443662,233,17.95774648,82.04225352
140,21,8069,366,20,-20,4,30,-19,-37,13,134,320.978,139.5358209,-39.5358209,321,139.5522388,-39.55223881
222,12,527036,8186,77,-25,-16,-18,-43,-22,6,6190,6069.33,1.949434572,98.05056543,6069,1.954765751,98.04523425
181,45,34644,720,4,-1,4,61,1,-29,8,1324,815.181,38.43043807,61.56956193,815,38.44410876,61.55589124
168,28,20641,939,24,6,10,57,3,-25,6,489,607.166,24.16482618,75.83517382,607,24.13087935,75.86912065
135,51,28672,977,22,-29,-6,40,-42,-46,18,859,1027.546,19.62118743,80.37881257,1028,19.67403958,80.32596042
319,13,422905,8956,51,-12,-6,41,-25,-9,3,3035,3870.318,27.52283361,72.47716639,3870,27.51235585,72.48764415
222,47,122712,1223,8,-7,3,94,-6,-16,2,2127,1625.783,23.564504,76.435496,1626,23.55430183,76.44569817
106,1,4241,75,2,-19,-2,10,-24,-40,15,288,157.935,45.16145833,54.83854167,158,45.13888889,54.86111111
126,1,8679,323,23,-12,9,16,-14,-33,12,367,276.008,24.79346049,75.20653951,276,24.79564033,75.20435967
313,28,127205,3443,0,-10,-7,10,6,-16,2,516,611.758,18.55775194,81.44224806,612,18.60465116,81.39534884
257,21,56945,1060,3,-14,-1,85,1,-13,1,530,565.095,6.621698113,93.37830189,565,6.603773585,93.39622642
205,45,76606,1334,49,-6,1,43,-2,-31,9,1564,1695.122,8.383759591,91.61624041,1695,8.375959079,91.62404092
163,21,11945,493,9,-4,11,113,-7,-32,8,62,243.354,292.5064516,-192.5064516,243,291.9354839,-191.9354839
246,12,626426,11501,127,-23,-16,-21,-41,-34,9,2310,3454.489,49.54497835,50.45502165,3454,49.52380952,50.47619048
195,13,121518,3026,25,-10,-1,48,-34,-38,10,3790,3411.712,9.98121372,90.01878628,3412,9.973614776,90.02638522
97,47,3803,65,21,-35,-9,3,-35,-43,16,170,310.998,82.94,17.06,311,82.94117647,17.05882353
161,45,15228,568,11,0,7,59,5,-28,8,428,403.404,5.746728972,94.25327103,403,5.841121495,94.1588785
84,37,398,0,0,-31,-4,-8,-38,-34,15,101,86.994,13.86732673,86.13267327,87,13.86138614,86.13861386
314,47,287770,3610,15,-10,-5,33,-14,-23,7,5919,2995.561,49.39075857,50.60924143,2996,49.38334178,50.61665822
205,1,74344,1399,36,-8,2,31,1,-30,9,2458,1786.75,27.30878763,72.69121237,1787,27.29861676,72.70138324
301,51,176754,3616,16,-15,-4,50,-32,-34,10,1345,1201.995,10.63234201,89.36765799,1202,10.63197026,89.36802974
265,45,138124,3212,13,-7,-3,44,-6,-25,5,416,845.008,103.1269231,-3.126923077,845,103.125,-3.125
280,51,153691,3303,12,-13,-2,67,-34,-35,9,509,1007.97,98.02946955,1.970530452,1008,98.03536346,1.964636542
77,21,26,0,0,-19,17,33,-6,-19,8,4,11.786,194.65,-94.65,12,200,-100
92,45,1293,26,4,-30,-3,-26,-26,-40,15,210,174.161,17.06619048,82.93380952,174,17.14285714,82.85714286
334,28,153270,3807,1,-23,-20,-34,14,-24,7,1485,1603.485,7.978787879,92.02121212,1603,7.946127946,92.05387205
76,12,142,5,1,-6,14,0,-16,-18,6,6,59.519,891.9833333,-791.9833333,60,900,-800
206,45,78607,1385,51,-11,-2,37,-1,-31,9,2001,1692.427,15.42093953,84.57906047,1692,15.44227886,84.55772114
219,45,96797,1943,49,-8,-2,34,-4,-31,9,1325,1489.133,12.38739623,87.61260377,1489,12.37735849,87.62264151
105,45,3553,97,10,-29,-6,-11,-27,-41,15,114,182.429,60.0254386,39.9745614,182,59.64912281,40.35087719
305,1,192285,2967,35,-11,6,47,-6,-9,-1,1789,1413.265,21.00251537,78.99748463,1413,21.01732812,78.98267188
133,12,41923,1779,44,-30,-12,-24,-45,-39,15,941,544.629,42.12231668,57.87768332,545,42.08289054,57.91710946
329,12,938830,18157,72,-11,1,-21,-28,-34,8,8102,6858.713,15.34543323,84.65456677,6859,15.34189089,84.65810911
304,21,105242,1476,15,-9,3,45,-6,-26,6,1937,1648.486,14.894889,85.105111,1648,14.91997935,85.08002065
72,13,88,1,1,8,24,23,-2,-1,0,33,29.458,10.73333333,89.26666667,29,12.12121212,87.87878788
228,21,38930,810,6,-10,8,183,4,-11,1,632,702.443,11.1460443,88.8539557,702,11.07594937,88.92405063
332,37,354514,5210,72,-23,-15,51,-40,-60,16,8008,3479.812,56.5458042,43.4541958,3480,56.54345654,43.45654346
289,21,84195,1296,20,-12,1,41,-3,-27,7,1182,1182.151,0.012774958,99.98722504,1182,0,100
296,45,167485,3755,47,-8,-4,29,-3,-23,6,1128,1007.867,10.65008865,89.34991135,1008,10.63829787,89.36170213
251,45,125607,2907,20,-8,-2,90,-8,-66,15,655,918.386,40.21160305,59.78839695,918,40.15267176,59.84732824
273,13,333811,6994,33,-16,-7,-21,-35,-31,10,1368,1598.22,16.82894737,83.17105263,1598,16.8128655,83.1871345
240,45,114598,2628,55,-9,-3,31,-5,-28,7,505,1025.372,103.0439604,-3.043960396,1025,102.970297,-2.97029703
316,13,413415,8333,-397,-12,-8,-15,-33,-34,11,2232,1831.062,17.96317204,82.03682796,1831,17.96594982,82.03405018
214,47,108184,1067,7,-6,7,108,1,-10,2,2225,1821.443,18.13739326,81.86260674,1821,18.15730337,81.84269663
297,1,180916,2859,16,-11,-6,20,-8,-22,5,3852,1275.049,66.89903946,33.10096054,1275,66.90031153,33.09968847
185,47,48712,633,13,1,19,157,-11,-55,11,1822,1539.431,15.50872667,84.49127333,1539,15.532382,84.467618
116,28,5718,221,12,-26,-2,3,-25,-25,9,284,210.83,25.76408451,74.23591549,211,25.70422535,74.29577465
126,51,20256,713,29,-28,-6,5,-45,-47,19,764,929.299,21.63599476,78.36400524,929,21.59685864,78.40314136
93,13,5443,176,22,-29,11,-15,-46,-47,19,637,552.116,13.3255887,86.6744113,552,13.34379906,86.65620094
268,47,187544,2310,35,-12,-6,14,-16,-25,8,835,1482.352,77.52718563,22.47281437,1482,77.48502994,22.51497006
142,1,13647,534,10,-5,9,40,-4,-30,10,347,311.622,10.19538905,89.80461095,312,10.08645533,89.91354467
270,47,190891,2374,22,-9,1,111,-8,-6,0,1437,1586.312,10.39053584,89.60946416,1586,10.36882394,89.63117606
156,45,13005,525,7,-2,7,38,2,-28,9,354,349.63,1.234463277,98.76553672,350,1.129943503,98.8700565
206,28,51097,1480,17,-12,-7,18,-1,-30,9,1434,1198.063,16.45306834,83.54693166,1198,16.45746165,83.54253835
133,37,15346,577,27,-20,1,42,-31,-38,14,301,583.288,93.7833887,6.216611296,583,93.68770764,6.312292359
114,12,28843,987,60,-43,-21,-47,-55,-47,20,1052,952.333,9.47404943,90.52595057,952,9.505703422,90.49429658
87,1,639,3,2,-30,-2,30,-24,-37,16,108,96.019,11.09351852,88.90648148,96,11.11111111,88.88888889
320,47,310937,3893,16,-10,-2,16,-14,-15,3,5817,3681.149,36.71739728,63.28260272,3681,36.71995874,63.28004126
246,13,285667,5795,62,-11,-6,35,-31,-34,8,2386,2491.744,4.431852473,95.56814753,2492,4.442581727,95.55741827
114,1,6071,198,11,-35,-13,-31,-33,-42,20,240,237.726,0.9475,99.0525,238,0.833333333,99.16666667
148,37,24629,794,28,-20,-6,-2,-32,-35,14,488,845.981,73.3567623,26.6432377,846,73.36065574,26.63934426
86,21,248,5,0,-33,-6,84,-27,-41,15,50,74.142,48.284,51.716,74,48,52
128,45,7142,316,11,-15,4,10,-15,-35,13,206,147.342,28.47475728,71.52524272,147,28.6407767,71.3592233
286,12,726934,15412,48,-22,-15,-24,-36,-33,8,1519,2277.817,49.95503621,50.04496379,2278,49.96708361,50.03291639
289,12,735685,15736,141,-22,-13,-21,-34,-29,8,3286,3359.863,2.247808886,97.75219111,3360,2.251978089,97.74802191
192,37,81534,1479,18,-12,0,85,-21,-34,9,2007,1887.666,5.945889387,94.05411061,1888,5.929247633,94.07075237
283,13,350033,7348,54,-14,-8,27,-27,-31,8,2011,1867.924,7.114669319,92.88533068,1868,7.110890104,92.8891099
208,21,27079,700,4,-11,2,136,2,-15,2,315,682.744,116.744127,-16.74412698,683,116.8253968,-16.82539683
74,28,6,0,0,3,21,41,10,0,-1,5,1.223,75.54,24.46,1,80,20
170,21,13197,520,2,-6,9,93,-8,-32,8,202,220.56,9.188118812,90.81188119,221,9.405940594,90.59405941
174,37,53616,1223,3,-10,1,79,-23,-35,9,805,1284.345,59.54596273,40.45403727,1284,59.50310559,40.49689441
102,12,18445,446,27,-49,-20,-54,-65,-40,15,997,927.683,6.952557673,93.04744233,928,6.920762287,93.07923771
236,12,594287,10325,51,-25,-16,-28,-44,-22,6,3004,2935.117,2.29304261,97.70695739,2935,2.296937417,97.70306258
230,28,73207,2128,44,-7,-3,17,0,-27,5,1071,1005.561,6.110084034,93.88991597,1006,6.069094304,93.9309057
107,21,2429,129,7,-28,-4,29,-31,-45,17,138,144.396,4.634782609,95.36521739,144,4.347826087,95.65217391
132,45,7792,346,15,-13,1,24,-14,-33,11,139,265.876,91.27769784,8.722302158,266,91.36690647,8.633093525
69,45,7,0,0,9,8,53,7,2,-1,1,1.808,80.8,19.2,2,100,0
245,21,49185,948,15,-6,6,77,-6,-29,6,789,836.81,6.059569075,93.94043093,837,6.08365019,93.91634981
190,12,220476,3953,112,-22,-12,-14,-39,-36,12,9882,8871.464,10.22602712,89.77397288,8871,10.23072253,89.76927747
236,13,262099,5132,40,-17,-7,33,-32,-19,4,1812,2482.581,37.00778146,62.99221854,2483,37.03090508,62.96909492
95,51,2407,52,6,-45,-14,4,-51,-34,14,395,313.657,20.59316456,79.40683544,314,20.50632911,79.49367089
96,1,1841,31,5,-50,-18,-1,-40,-36,12,208,239.999,15.38413462,84.61586538,240,15.38461538,84.61538462
194,21,19389,625,3,-10,3,122,1,-14,2,268,474.888,77.19701493,22.80298507,475,77.23880597,22.76119403
95,1,1633,26,5,-41,8,4,-33,-26,11,98,216.102,120.5122449,-20.5122449,216,120.4081633,-20.40816327
293,51,167754,3485,28,-14,-5,41,-32,-33,10,926,1133.337,22.39060475,77.60939525,1133,22.35421166,77.64578834
205,37,107432,1726,28,-13,-2,44,-25,-35,11,1945,1935.869,0.469460154,99.53053985,1936,0.462724936,99.53727506
85,21,198,5,1,-33,-5,69,-23,-40,15,35,59.872,71.06285714,28.93714286,60,71.42857143,28.57142857
265,1,145780,2439,2,-9,-4,28,-5,-26,5,818,776.947,5.018704156,94.98129584,777,5.012224939,94.98777506
263,45,137240,3188,11,-8,1,67,-2,-11,1,922,871.984,5.42472885,94.57527115,872,5.422993492,94.57700651
171,1,29017,823,13,-6,5,72,4,-29,6,803,728.894,9.22864259,90.77135741,729,9.215442092,90.78455791
98,21,1149,65,6,-33,-3,55,-28,-47,16,141,140.514,0.344680851,99.65531915,141,0,100
218,47,114098,1144,27,-3,5,101,-10,-32,7,1657,1804.087,8.876704888,91.12329511,1804,8.871454436,91.12854556
240,12,605342,10868,135,-25,-16,-23,-41,-34,10,3229,3126.334,3.179498297,96.8205017,3126,3.189842056,96.81015794
179,12,130092,3390,24,-26,-10,-13,-40,-17,6,9518,7358.035,22.69347552,77.30652448,7358,22.69384324,77.30615676
274,21,68840,1174,4,-9,2,68,-5,-27,5,984,660.531,32.87286585,67.12713415,661,32.82520325,67.17479675
314,37,294860,4615,8,-14,-3,27,-28,-28,7,1521,2121.472,39.47876397,60.52123603,2121,39.44773176,60.55226824
198,12,311640,4677,156,-22,-10,-15,-41,-37,12,13764,10504.8,23.67916303,76.32083697,10505,23.67770997,76.32229003
311,47,273144,3541,32,-12,-7,38,-14,-23,6,1373,2703.394,96.89686817,3.103131828,2703,96.86817189,3.131828114
298,37,258292,4144,30,-12,-1,100,-16,-10,1,2584,2419.346,6.372058824,93.62794118,2419,6.385448916,93.61455108
255,1,136703,2333,32,-11,-6,38,-7,-26,4,1138,1168.297,2.662302285,97.33769772,1168,2.636203866,97.36379613
220,21,33796,764,4,-9,4,159,-4,-32,7,542,554.286,2.266789668,97.73321033,554,2.21402214,97.78597786
127,13,28998,1327,69,-18,-2,17,-40,-42,15,802,664.154,17.18778055,82.81221945,664,17.20698254,82.79301746
121,13,25241,1111,57,-23,-4,-15,-44,-45,18,537,770.059,43.40018622,56.59981378,770,43.38919926,56.61080074
276,47,198403,2515,14,-7,-1,62,-10,-24,4,971,1437.008,47.99258496,52.00741504,1437,47.99176107,52.00823893
99,13,10080,371,20,-39,-14,-6,-49,-52,20,1130,816.32,27.75929204,72.24070796,816,27.78761062,72.21238938
318,1,213617,3231,18,-12,-6,11,-11,-21,6,2980,2044.085,31.40654362,68.59345638,2044,31.40939597,68.59060403
328,47,344550,4301,35,-5,2,18,-14,-28,8,4074,3641.111,10.62565047,89.37434953,3641,10.62837506,89.37162494
239,47,147353,1648,20,-8,0,69,-16,-28,7,1936,1237.772,36.06549587,63.93450413,1238,36.05371901,63.94628099
82,37,255,0,0,-39,-10,-7,-42,-29,9,71,74.967,5.587323944,94.41267606,75,5.633802817,94.36619718
240,28,81294,2413,14,-14,-10,8,-6,-24,8,599,797.695,33.17111853,66.82888147,798,33.22203673,66.77796327
248,21,51677,987,11,-8,6,133,3,-33,6,792,900.926,13.75328283,86.24671717,901,13.76262626,86.23737374
163,51,53211,1534,14,-17,-1,50,-35,-40,14,564,545.813,3.22464539,96.77535461,546,3.191489362,96.80851064
243,12,614753,11119,14,-27,-19,-34,-46,-23,6,2547,2105.218,17.34519042,82.65480958,2105,17.35374951,82.64625049
197,1,59113,1211,45,-3,3,42,1,-31,8,1805,1805.566,0.031357341,99.96864266,1806,0.055401662,99.94459834
151,47,22720,366,5,-9,8,133,-5,-5,1,484,657.132,35.77107438,64.22892562,657,35.74380165,64.25619835
289,45,161106,3607,14,-8,-3,25,-2,-24,6,1297,958.787,26.0765613,73.9234387,959,26.06013878,73.93986122
304,28,120160,3334,6,-10,-6,0,8,-25,2,824,667.898,18.94441748,81.05558252,668,18.93203883,81.06796117
83,1,196,0,0,-33,-6,-11,-22,-33,14,39,60.721,55.69487179,44.30512821,61,56.41025641,43.58974359
100,1,2838,48,0,-35,-4,5,-31,-43,18,339,106.95,68.45132743,31.54867257,107,68.43657817,31.56342183
129,28,9378,422,13,-20,-3,-12,-19,-34,15,288,287.834,0.057638889,99.94236111,288,0,100
173,13,64673,2643,1,-14,0,50,-35,-18,2,885,1316.673,48.77661017,51.22338983,1317,48.81355932,51.18644068
191,28,34622,1215,11,-2,3,38,3,-29,8,1031,904.23,12.29582929,87.70417071,904,12.31813773,87.68186227
128,37,13397,507,30,-22,2,29,-37,-40,15,639,547.356,14.34178404,85.65821596,547,14.39749609,85.60250391
135,21,7225,328,2,-18,7,90,-17,-39,12,145,183.928,26.84689655,73.15310345,184,26.89655172,73.10344828
236,21,43529,881,9,-11,2,123,1,-12,1,463,661.068,42.77926566,57.22073434,661,42.76457883,57.23542117
254,37,184179,2990,32,-14,-3,49,-25,-33,7,1307,1348.541,3.17834736,96.82165264,1349,3.213465953,96.78653405
295,51,170104,3524,9,-12,-3,56,-31,-34,10,1332,1171.495,12.04992492,87.95007508,1171,12.08708709,87.91291291
138,45,8816,385,5,-12,4,51,-4,-23,5,155,225.309,45.36064516,54.63935484,225,45.16129032,54.83870968
220,51,99189,2322,5,-14,-2,76,-31,-39,11,1307,1352.111,3.451491966,96.54850803,1352,3.442999235,96.55700077
284,47,212649,2758,26,-17,-6,29,-8,-11,4,1646,2018.107,22.60674362,77.39325638,2018,22.60024301,77.39975699
317,12,851825,17372,72,-24,-17,-40,-41,-34,12,5504,4907.623,10.83533794,89.16466206,4908,10.82848837,89.17151163
131,47,15060,243,1,-12,14,50,-20,-23,3,217,314.101,44.74700461,55.25299539,314,44.70046083,55.29953917
187,47,51431,646,9,-14,-4,79,-8,-21,3,1291,1398.49,8.326103796,91.6738962,1398,8.288148722,91.71185128
161,12,64448,2765,53,-20,-10,-20,-41,-32,12,1070,1326.765,23.99672897,76.00327103,1327,24.01869159,75.98130841
157,21,10977,466,8,-10,9,105,-10,-33,10,272,265.514,2.384558824,97.61544118,266,2.205882353,97.79411765
94,13,5931,198,22,-37,0,4,-50,-48,20,488,623.697,27.8067623,72.1932377,624,27.86885246,72.13114754
309,28,123887,3405,8,-7,-5,5,7,-17,4,1612,856.094,46.89243176,53.10756824,856,46.89826303,53.10173697
235,1,114532,2011,15,-13,0,53,2,-9,3,900,1268.266,40.91844444,59.08155556,1268,40.88888889,59.11111111
244,45,118992,2720,11,-8,-3,26,-9,-27,6,668,913.711,36.78308383,63.21691617,914,36.82634731,63.17365269
173,21,13750,526,2,-11,7,89,-4,-13,1,120,256.204,113.5033333,-13.50333333,256,113.3333333,-13.33333333
149,21,9184,409,9,-8,10,74,-12,-34,10,107,246.186,130.0803738,-30.08037383,246,129.9065421,-29.90654206
308,47,266357,3454,75,-3,4,44,-15,-27,7,1770,2459.656,38.96361582,61.03638418,2460,38.98305085,61.01694915
291,37,243725,3929,19,-10,-1,97,-13,-11,1,2102,2215.795,5.413653663,94.58634634,2216,5.42340628,94.57659372
67,45,2,0,0,11,7,53,18,3,-2,2,4.676,133.8,-33.8,5,150,-50
306,13,390428,7981,2,-12,-7,24,-28,-16,3,1435,1537.29,7.128222997,92.871777,1537,7.108013937,92.89198606
111,45,4439,124,4,-30,-11,-25,-33,-40,16,62,171.977,177.3822581,-77.38225806,172,177.4193548,-77.41935484
288,45,159809,3593,17,-7,-3,27,-5,-24,6,926,900.904,2.710151188,97.28984881,901,2.699784017,97.30021598
306,47,261426,3353,0,-8,-1,38,-12,-16,2,754,2096.751,178.083687,-78.083687,2097,178.1167109,-78.11671088
201,13,145038,3173,5,-15,-4,51,-31,-21,4,3193,2876.858,9.901096148,90.09890385,2877,9.89664892,90.10335108
282,21,77455,1234,11,-11,0,77,-3,-29,6,868,1344.213,54.86324885,45.13675115,1344,54.83870968,45.16129032
270,21,66036,1154,5,-11,4,175,3,-7,0,970,778.562,19.73587629,80.26412371,779,19.69072165,80.30927835
268,13,327158,6822,49,-17,-11,-24,-33,-32,11,1608,1966.498,22.29465174,77.70534826,1966,22.26368159,77.73631841
104,21,2048,104,7,-37,-13,-16,-39,-46,19,85,151.104,77.76941176,22.23058824,151,77.64705882,22.35294118
251,37,181070,2897,7,-12,-1,134,-31,-69,14,1039,1233.932,18.76150144,81.23849856,1234,18.7680462,81.2319538
176,13,69639,2698,11,-10,-3,25,-33,-36,11,1835,1679.701,8.463160763,91.53683924,1680,8.446866485,91.55313351
326,28,143180,3676,19,-11,-4,19,19,-11,2,779,1678.236,115.4346598,-15.43465982,1678,115.4043646,-15.40436457
302,51,178183,3636,20,-12,-3,40,-31,-34,10,1429,1269.442,11.16571029,88.83428971,1269,11.19664101,88.80335899
112,1,5668,180,33,-23,-4,18,-23,-38,15,244,221.801,9.09795082,90.90204918,222,9.016393443,90.98360656
300,21,97866,1410,3,-14,-5,12,-7,-26,8,924,1264.251,36.8237013,63.1762987,1264,36.7965368,63.2034632
190,21,17919,608,6,-4,8,97,-5,-32,8,400,401.373,0.34325,99.65675,401,0.25,99.75
314,51,194913,3726,13,-17,-8,29,-36,-32,11,1435,1461.275,1.831010453,98.16898955,1461,1.81184669,98.18815331
168,47,31830,493,10,2,7,108,-12,-28,7,670,715.225,6.75,93.25,715,6.71641791,93.28358209
297,28,115088,3255,17,-13,-11,6,1,-19,4,1212,849.932,29.87359736,70.12640264,850,29.8679868,70.1320132
303,45,174591,3889,13,-9,-7,-1,-7,-27,7,1100,1051.536,4.405818182,95.59418182,1052,4.363636364,95.63636364
90,28,937,20,4,-26,-6,4,-23,-34,13,90,130.818,45.35333333,54.64666667,131,45.55555556,54.44444444
242,51,119747,2569,1,-19,-4,46,-22,-14,5,938,774.219,17.46066098,82.53933902,774,17.48400853,82.51599147
317,28,131970,3519,5,-12,-8,9,3,-18,5,1305,1321.063,1.230881226,98.76911877,1321,1.22605364,98.77394636
154,28,16322,782,14,5,8,43,3,-25,7,301,360.393,19.73189369,80.26810631,360,19.6013289,80.3986711
103,28,2942,98,5,-63,-44,-50,-49,-43,14,300,326.981,8.993666667,91.00633333,327,9,91
278,37,217496,3634,5,-11,-2,35,-21,-15,1,610,2022.09,231.4901639,-131.4901639,2022,231.4754098,-131.4754098
334,51,237836,4062,4,-20,-12,19,-18,-15,5,1893,2602.586,37.48473323,62.51526677,2603,37.50660328,62.49339672
188,13,97534,2878,18,-12,-4,20,-32,-41,11,1642,3088.056,88.06674787,11.93325213,3088,88.06333739,11.93666261
234,51,112072,2443,7,-15,-5,74,-31,-39,11,1212,968.268,20.10990099,79.89009901,968,20.1320132,79.8679868
110,1,4946,165,52,-45,-24,-44,-45,-37,12,223,642.846,188.2717489,-88.27174888,643,188.3408072,-88.34080717
174,28,22287,978,40,-4,0,17,2,-28,7,1646,817.122,50.35710814,49.64289186,817,50.36452005,49.63547995
325,1,228373,3451,32,-12,-4,7,-7,-21,6,2463,2727.285,10.73020706,89.26979294,2727,10.71863581,89.28136419
268,1,148206,2480,-8,-17,-10,-14,-12,-25,8,1053,940.13,10.71889839,89.28110161,940,10.73124406,89.26875594
218,51,95867,2299,25,-9,0,79,-31,-41,11,818,1179.481,44.1908313,55.8091687,1179,44.13202934,55.86797066
293,13,364909,7657,19,-14,-6,35,-30,-28,7,1134,1530.042,34.92433862,65.07566138,1530,34.92063492,65.07936508
109,21,2707,144,7,-34,-3,67,-29,-29,9,185,197.111,6.546486486,93.45351351,197,6.486486486,93.51351351
278,12,707751,14671,43,-23,-15,-44,-42,-22,5,1813,2066.656,13.99095422,86.00904578,2067,14.0099283,85.9900717
210,1,82530,1493,1,-9,-1,24,-4,-30,9,1260,1578.05,25.24206349,74.75793651,1578,25.23809524,74.76190476
118,21,4146,213,5,-20,-1,55,-27,-42,15,72,151.703,110.6986111,-10.69861111,152,111.1111111,-11.11111111
311,51,190874,3704,22,-17,-8,41,-32,-32,11,2103,1471.825,30.01307656,69.98692344,1472,30.00475511,69.99524489
90,45,925,18,2,-30,-8,-1,-30,-36,13,151,126.895,15.96357616,84.03642384,127,15.89403974,84.10596026
83,47,615,2,0,-32,-2,-16,-27,-34,15,110,93.366,15.12181818,84.87818182,93,15.45454545,84.54545455
189,47,53514,665,12,-1,5,103,-9,-33,8,1359,1546.057,13.76431199,86.23568801,1546,13.76011773,86.23988227
266,21,62731,1119,7,-11,0,79,-4,-28,6,814,782.68,3.847665848,96.15233415,783,3.808353808,96.19164619
320,21,137586,1661,3,-17,-3,16,-6,-13,4,1449,2286.893,57.82560386,42.17439614,2287,57.83298827,42.16701173
274,45,147942,3378,19,-5,-3,23,-6,-25,5,308,842.768,173.625974,-73.62597403,843,173.7012987,-73.7012987
223,51,101746,2344,17,-12,-4,69,-34,-39,11,996,911.599,8.473995984,91.52600402,912,8.43373494,91.56626506
246,37,173509,2779,38,-12,-4,45,-25,-33,8,1216,1771.585,45.68955592,54.31044408,1772,45.72368421,54.27631579
265,12,677362,13317,21,-24,-17,-32,-40,-33,9,1671,1753.833,4.957091562,95.04290844,1754,4.967085577,95.03291442
287,12,729591,15531,119,-22,-13,-21,-37,-30,8,2657,3317.556,24.86097102,75.13902898,3318,24.8776816,75.1223184
142,51,34950,1136,37,-27,-6,14,-41,-45,18,813,968.59,19.13776138,80.86223862,969,19.18819188,80.81180812
90,13,3224,103,19,-34,-10,2,-47,-44,16,389,451.659,16.10771208,83.89228792,452,16.19537275,83.80462725
145,51,37727,1208,37,-29,-7,62,-40,-27,7,1483,1116.482,24.7146325,75.2853675,1116,24.74713419,75.25286581
277,12,705938,14628,74,-22,-14,-33,-42,-19,4,2726,2885.292,5.843433602,94.1565664,2885,5.832721937,94.16727806
86,45,456,9,2,-31,-6,-5,-24,-35,15,32,85.112,165.975,-65.975,85,165.625,-65.625
101,37,3908,74,9,-36,-6,12,-52,-57,21,257,341.564,32.90428016,67.09571984,342,33.07392996,66.92607004
253,12,644781,12115,200,-24,-17,-29,-42,-33,9,2006,3407.82,69.88135593,30.11864407,3408,69.89032901,30.10967099
175,37,54470,1251,28,-9,3,77,-21,-34,10,854,1445.01,69.20491803,30.79508197,1445,69.20374707,30.79625293
78,47,98,0,0,-15,14,21,-13,-22,9,25,26.83,7.32,92.68,27,8,92
205,12,385091,5518,173,-25,-16,-31,-43,-37,13,10171,9728.832,4.347340478,95.65265952,9729,4.345688723,95.65431128
109,47,6763,145,4,-33,-4,2,-28,-27,9,433,210.049,51.48983834,48.51016166,210,51.50115473,48.49884527
252,12,642775,11915,44,-25,-15,-30,-38,-35,9,1797,2124.807,18.24190317,81.75809683,2125,18.25264329,81.74735671
88,13,2592,79,14,-39,-10,14,-43,-28,12,225,313.395,39.28666667,60.71333333,313,39.11111111,60.88888889
190,45,48909,884,38,-5,2,36,-1,-32,9,1557,1509.012,3.082080925,96.91791908,1509,3.082851638,96.91714836
228,45,105882,2260,56,-12,0,50,3,-13,3,1041,1281.958,23.14678194,76.85321806,1282,23.15081652,76.84918348
330,21,166139,1835,26,-5,27,1,-6,-38,9,3301,2620.086,20.62750682,79.37249318,2620,20.63011209,79.36988791
75,37,32,0,0,-8,13,-3,-14,-9,3,9,5.52,38.66666667,61.33333333,6,33.33333333,66.66666667
330,12,946956,18254,97,-4,15,-20,-24,-37,7,8126,6800.269,16.31468127,83.68531873,6800,16.31799163,83.68200837
222,1,101334,1768,17,-11,1,49,5,-17,3,981,1270.032,29.46299694,70.53700306,1270,29.45973496,70.54026504
180,1,36350,924,1,-10,1,58,11,-13,3,1245,732.666,41.1513253,58.8486747,733,41.12449799,58.87550201
101,47,4863,98,4,-36,-5,-5,-39,-53,20,228,244.044,7.036842105,92.96315789,244,7.01754386,92.98245614
153,12,55415,2460,9,-21,-9,-24,-42,-33,11,651,709.667,9.011827957,90.98817204,710,9.062980031,90.93701997
274,28,98886,2979,10,-4,-3,20,9,-19,3,696,752.713,8.14841954,91.85158046,753,8.189655172,91.81034483
214,51,91782,2218,3,-16,3,93,-16,-13,4,981,1063.374,8.396941896,91.6030581,1063,8.358817533,91.64118247
102,51,5077,130,9,-40,-9,17,-49,-36,13,568,336.28,40.79577465,59.20422535,336,40.84507042,59.15492958
149,1,16729,594,10,-6,7,31,-4,-28,10,467,372.855,20.15952891,79.84047109,373,20.12847966,79.87152034
154,21,10185,442,3,-5,12,95,-10,-32,9,139,256.605,84.60791367,15.39208633,257,84.89208633,15.10791367
257,47,171824,2078,14,-12,-3,49,-12,-18,2,933,1585.229,69.90664523,30.09335477,1585,69.88210075,30.11789925
242,12,612206,11105,148,-26,-16,-22,-45,-20,5,3132,3440.804,9.859642401,90.1403576,3441,9.865900383,90.13409962
248,47,160597,1837,22,-7,0,83,-6,-30,5,1051,1401.303,33.33044719,66.66955281,1401,33.30161751,66.69838249
302,21,101494,1442,14,-13,-1,31,-7,-25,7,1857,1592.565,14.23990307,85.76009693,1593,14.21647819,85.78352181
246,21,49991,966,18,-10,1,64,-8,-30,7,806,774.115,3.955955335,96.04404467,774,3.970223325,96.02977667
103,13,12203,447,15,-63,-42,-57,-65,-49,14,157,750.857,378.2528662,-278.2528662,751,378.343949,-278.343949
267,28,95310,2874,4,-11,-9,0,1,-20,6,737,542.602,26.37693351,73.62306649,543,26.3229308,73.6770692
320,13,424989,8957,1,-14,-7,13,-29,-16,3,2084,1899.646,8.846161228,91.15383877,1900,8.829174664,91.17082534
321,51,206763,3835,30,-17,-6,13,-36,-32,11,2125,2114.438,0.497035294,99.50296471,2114,0.517647059,99.48235294
122,13,26176,1167,56,-21,-2,45,-41,-43,15,935,732.364,21.67229947,78.32770053,732,21.71122995,78.28877005
160,51,51738,1496,19,-16,-3,70,-35,-38,13,487,632.261,29.82772074,70.17227926,632,29.77412731,70.22587269
288,37,236407,3856,40,-11,-3,49,-23,-29,7,1926,2039.413,5.888525441,94.11147456,2039,5.867082035,94.13291796
92,13,4806,154,24,-30,1,-5,-44,-47,18,570,513.979,9.828245614,90.17175439,514,9.824561404,90.1754386
262,45,136318,3177,19,-9,-4,23,-7,-26,5,872,859.744,1.405504587,98.59449541,860,1.376146789,98.62385321
226,37,142636,2287,38,-12,-2,41,-24,-35,9,1978,1294.45,34.55763397,65.44236603,1294,34.58038423,65.41961577
178,21,14859,553,7,-9,6,141,-3,-32,8,242,297.998,23.13966942,76.86033058,298,23.14049587,76.85950413
206,21,25931,691,7,-11,3,135,-6,-32,8,784,633.149,19.24119898,80.75880102,633,19.26020408,80.73979592
95,13,6353,208,10,-50,-18,-18,-53,-36,16,422,402.906,4.52464455,95.47535545,403,4.502369668,95.49763033
164,28,19348,889,21,-4,2,50,2,-26,6,865,549.587,36.46393064,63.53606936,550,36.41618497,63.58381503
188,51,66740,1881,28,-11,-1,75,-29,-42,12,638,723.127,13.34278997,86.65721003,723,13.32288401,86.67711599
238,21,44568,895,10,-12,1,80,-9,-32,7,669,719.485,7.546337818,92.45366218,719,7.473841555,92.52615845
228,37,145508,2343,30,-16,-3,41,-20,-15,4,1662,1444.299,13.09873646,86.90126354,1444,13.11672684,86.88327316
113,28,5153,201,18,-18,-2,-5,-21,-38,14,437,241.465,44.74485126,55.25514874,241,44.85125858,55.14874142
260,13,313535,6419,21,-16,-12,-8,-36,-33,10,2669,1549.274,41.95301611,58.04698389,1549,41.96328213,58.03671787
248,13,290938,5931,63,-11,-4,56,-23,-35,7,2298,2401.648,4.510356832,95.48964317,2402,4.5256745,95.4743255
122,12,34728,1314,46,-36,-13,-27,-51,-43,18,1038,855.509,17.58102119,82.41897881,856,17.53371869,82.46628131
300,13,377553,7827,18,-15,-6,25,-30,-28,7,1346,1744.012,29.56998514,70.43001486,1744,29.56909361,70.43090639
139,45,8942,391,6,-10,-1,15,-14,-30,11,126,201.139,59.63412698,40.36587302,201,59.52380952,40.47619048
284,21,79445,1249,7,-12,2,111,6,-9,2,989,1116.981,12.94044489,87.05955511,1117,12.94236603,87.05763397
195,37,87756,1510,7,-9,2,77,-23,-35,9,1846,1780.254,3.561538462,96.43846154,1780,3.575297941,96.42470206
300,51,175409,3600,19,-16,-6,24,-34,-32,11,1134,1210.555,6.750881834,93.24911817,1211,6.790123457,93.20987654
134,13,33331,1505,41,-16,-2,32,-39,-40,14,558,609.691,9.263620072,90.73637993,610,9.318996416,90.68100358
324,37,325158,4936,38,-15,-2,2,-31,-28,9,4296,3430.966,20.13580074,79.86419926,3431,20.13500931,79.86499069
191,12,229367,4009,56,-22,-10,-12,-39,-36,12,8891,9492.638,6.76682038,93.23317962,9493,6.770891913,93.22910809
192,21,18670,620,8,-10,5,127,-4,-33,8,425,456.531,7.419058824,92.58094118,457,7.529411765,92.47058824
297,47,241513,3076,65,-10,-5,64,-9,-24,5,3606,2419.166,32.91275652,67.08724348,2419,32.91735996,67.08264004
213,13,190734,3752,81,-11,-3,63,-30,-37,9,4308,4241.694,1.53913649,98.46086351,4242,1.532033426,98.46796657
221,45,99460,2007,45,-10,3,80,7,-11,2,1241,1385.318,11.62917002,88.37082998,1385,11.60354553,88.39645447
190,1,46991,1057,25,-3,3,40,1,-31,8,1170,1509.631,29.0282906,70.9717094,1510,29.05982906,70.94017094
121,1,7306,280,20,-18,3,15,-18,-37,14,201,283.108,40.84975124,59.15024876,283,40.7960199,59.2039801
103,12,19337,461,15,-66,-49,-63,-69,-50,15,892,740.144,17.02421525,82.97578475,740,17.04035874,82.95964126
293,1,173485,2789,1,-12,-4,18,-8,-22,5,859,1080.958,25.83911525,74.16088475,1081,25.84400466,74.15599534
155,45,12651,518,17,2,8,49,3,-28,8,236,519.816,120.2610169,-20.26101695,520,120.3389831,-20.33898305
87,37,764,3,1,-35,-6,38,-45,-39,16,128,118.223,7.63828125,92.36171875,118,7.8125,92.1875
249,37,178932,2889,50,-12,2,121,-14,-16,1,1586,1649.481,4.00258512,95.99741488,1649,3.972257251,96.02774275
250,37,180031,2890,1,-9,1,105,-23,-19,1,1099,1295.303,17.86196542,82.13803458,1295,17.8343949,82.1656051
223,21,35254,775,2,-9,0,65,-9,-32,9,272,438.855,61.34375,38.65625,439,61.39705882,38.60294118
218,45,95472,1894,47,-7,-2,34,-4,-32,8,1282,1394.666,8.788299532,91.21170047,1395,8.814352574,91.18564743
211,47,100822,1020,21,-4,2,87,-13,-32,8,1778,2497.357,40.4587739,59.5412261,2497,40.43869516,59.56130484
76,28,12,0,0,4,25,24,4,-14,4,2,3.39,69.5,30.5,3,50,50
129,47,14512,241,4,-21,-1,-21,-26,-37,15,346,370.427,7.05982659,92.94017341,370,6.936416185,93.06358382
143,13,39387,1808,50,-16,-1,51,-33,-38,13,1031,612.131,40.62744908,59.37255092,612,40.64015519,59.35984481
191,13,107333,2930,8,-10,-1,21,-32,-38,12,2838,2961.342,4.346088795,95.65391121,2961,4.334038055,95.66596195
117,12,30680,1074,19,-47,-23,-52,-63,-40,12,684,671.857,1.775292398,98.2247076,672,1.754385965,98.24561404
264,1,144962,2437,0,-11,-2,46,-2,-16,2,798,875.961,9.769548872,90.23045113,876,9.77443609,90.22556391
71,51,15,0,0,7,9,40,0,-1,0,7,3.971,43.27142857,56.72857143,4,42.85714286,57.14285714
252,13,297429,6070,26,-14,-4,28,-29,-35,9,1744,1647.49,5.533830275,94.46616972,1647,5.561926606,94.43807339
321,28,135803,3581,36,-11,-7,-1,3,-18,4,905,1504.419,66.23414365,33.76585635,1504,66.1878453,33.8121547
261,12,666507,13086,147,-24,-16,-24,-39,-33,9,3273,2617.259,20.03486098,79.96513902,2617,20.04277421,79.95722579
173,51,58465,1620,9,-16,1,104,-22,-14,3,471,661.902,40.53121019,59.46878981,662,40.55201699,59.44798301
212,47,102871,1033,13,-6,0,62,-12,-33,8,2049,2405.754,17.41112738,82.58887262,2406,17.42313324,82.57686676
289,37,238939,3874,18,-11,-1,52,-20,-29,7,2532,2075.276,18.03807267,81.96192733,2075,18.04897314,81.95102686
226,13,234964,4538,82,-12,-4,17,-30,-37,10,2816,3583.444,27.25298295,72.74701705,3583,27.23721591,72.76278409
86,12,2352,29,6,-40,-14,-34,-51,-42,18,491,448.264,8.703869654,91.29613035,448,8.757637475,91.24236253
163,13,54011,2375,46,-9,2,44,-35,-35,11,1101,583.783,46.97702089,53.02297911,584,46.95731153,53.04268847
181,47,42297,592,8,-3,-1,65,-11,-31,9,2125,1224.931,42.35618824,57.64381176,1225,42.35294118,57.64705882
295,21,90996,1363,21,-11,0,75,-3,-25,6,1452,1320.572,9.051515152,90.94848485,1321,9.022038567,90.97796143
128,47,14166,237,-2,-12,6,35,-20,-35,11,228,244.381,7.184649123,92.81535088,244,7.01754386,92.98245614
270,13,330612,6914,40,-13,-6,58,-25,-11,2,1442,1820.054,26.21733703,73.78266297,1820,26.21359223,73.78640777
234,47,140844,1549,61,-12,-6,47,-14,-30,8,1669,1335.14,20.00359497,79.99640503,1335,20.01198322,79.98801678
87,13,2367,65,5,-35,-9,33,-45,-42,18,524,260.506,50.2851145,49.7148855,261,50.19083969,49.80916031
257,12,656485,12608,8,-27,-18,-42,-46,-23,6,2395,1923.666,19.67991649,80.32008351,1924,19.66597077,80.33402923
279,1,159713,2559,1,-7,-2,21,-6,-24,4,544,889.385,63.48988971,36.51011029,889,63.41911765,36.58088235
197,37,91563,1568,16,-9,1,64,-25,-35,9,1816,1878.821,3.459306167,96.54069383,1879,3.469162996,96.530837
240,13,272456,5393,82,-15,-7,20,-33,-33,10,2819,2645.197,6.165413267,93.83458673,2645,6.172401561,93.82759844
83,37,297,0,0,-32,-5,-17,-41,-33,14,42,77.282,84.0047619,15.9952381,77,83.33333333,16.66666667
316,28,130665,3514,17,-7,-5,6,5,-24,6,1271,1279.651,0.680645161,99.31935484,1280,0.708103855,99.29189614
221,21,34758,772,8,-9,10,236,12,-8,0,962,840.103,12.67120582,87.32879418,840,12.68191268,87.31808732
249,51,126926,2678,1,-14,3,144,-16,-16,1,1199,810.391,32.41109258,67.58890742,810,32.44370309,67.55629691
162,21,11883,484,7,-4,11,81,-9,-32,9,175,253.854,45.05942857,54.94057143,254,45.14285714,54.85714286
253,13,299621,6128,58,-14,-7,37,-31,-34,8,2192,2148.969,1.963093066,98.03690693,2149,1.961678832,98.03832117
149,37,25413,827,33,-15,0,21,-30,-34,13,784,896.73,14.37882653,85.62117347,897,14.41326531,85.58673469
311,28,125885,3433,14,-13,-12,0,1,-18,4,1031,1077.044,4.465955383,95.53404462,1077,4.461687682,95.53831232
157,51,49397,1460,7,-22,-3,50,-35,-40,15,865,795.941,7.983699422,92.01630058,796,7.976878613,92.02312139
107,47,6262,141,7,-25,-3,1,-31,-42,15,426,194.906,54.24741784,45.75258216,195,54.22535211,45.77464789
216,51,94251,2244,26,-12,0,27,-36,-40,13,1145,1145.078,0.006812227,99.99318777,1145,0,100
301,12,776215,16505,56,-21,-12,-23,-36,-29,8,4226,4000.865,5.327378135,94.67262186,4001,5.324183625,94.67581637
286,28,105941,3115,14,-10,-8,18,4,-27,6,1009,883.527,12.43538157,87.56461843,884,12.38850347,87.61149653
309,47,269802,3478,24,-12,-4,35,-18,-23,7,3445,2492.357,27.65291727,72.34708273,2492,27.66328012,72.33671988
148,28,14372,692,21,1,5,22,-2,-28,9,328,414.596,26.40121951,73.59878049,415,26.52439024,73.47560976
285,45,157406,3552,1,-11,-5,3,6,-16,4,785,861.148,9.700382166,90.29961783,861,9.681528662,90.31847134
206,1,76136,1439,40,-11,-3,37,0,-30,10,1792,1753.623,2.141573661,97.85842634,1754,2.120535714,97.87946429
284,45,156621,3551,21,-12,-3,31,-5,-10,3,945,903.579,4.383174603,95.6168254,904,4.338624339,95.66137566
319,28,134309,3543,3,-10,-6,23,6,-11,2,969,1529.175,57.80959752,42.19040248,1529,57.79153767,42.20846233
202,12,355899,5072,90,-23,-14,-20,-42,-37,11,10287,9748.722,5.232604258,94.76739574,9749,5.229901818,94.77009818
320,37,312235,4806,50,-14,-4,13,-28,-14,3,3117,3691.647,18.4358999,81.5641001,3692,18.4472249,81.5527751
324,28,140429,3642,23,-11,-5,2,4,-19,5,1638,1619.09,1.154456654,98.84554335,1619,1.15995116,98.84004884
250,45,124952,2887,10,0,5,96,3,-20,1,663,937.719,41.43574661,58.56425339,938,41.47812971,58.52187029
248,28,85939,2558,22,-8,-3,30,13,-26,4,823,750.434,8.817253949,91.18274605,750,8.869987849,91.13001215
68,45,6,0,0,12,7,38,24,2,-1,4,5.539,38.475,61.525,6,50,50
164,45,17170,593,5,-6,5,44,4,-29,8,729,514.437,29.43251029,70.56748971,514,29.49245542,70.50754458
146,13,41622,1830,3,-23,-4,67,-51,-70,20,532,735.178,38.19135338,61.80864662,735,38.15789474,61.84210526
155,21,10410,450,8,-3,16,98,-10,-32,9,225,272.982,21.32533333,78.67466667,273,21.33333333,78.66666667
97,37,2870,33,2,-36,-10,22,-46,-44,16,285,225.327,20.93789474,79.06210526,225,21.05263158,78.94736842
199,47,73819,815,19,-9,1,89,-9,-32,8,2279,2205.644,3.218780167,96.78121983,2206,3.20315928,96.79684072
78,37,62,0,0,-22,9,28,-23,-25,10,22,15.065,31.52272727,68.47727273,15,31.81818182,68.18181818
84,1,242,0,0,-32,-5,4,-18,-34,15,46,81.281,76.69782609,23.30217391,81,76.08695652,23.91304348
121,28,7212,282,32,-10,6,15,-14,-35,12,643,291.649,54.64245723,45.35754277,292,54.58786936,45.41213064
152,37,28590,886,9,-15,1,75,-25,-15,4,916,732.34,20.05021834,79.94978166,732,20.08733624,79.91266376
237,37,158678,2535,4,-15,-3,48,-26,-33,8,1389,1427.299,2.757307415,97.24269258,1427,2.735781138,97.26421886
212,13,186426,3671,29,-11,-3,18,-33,-38,11,4183,3934.788,5.933827397,94.0661726,3935,5.928759264,94.07124074
105,12,20984,571,72,-46,-23,-52,-56,-48,20,590,993.706,68.42474576,31.57525424,994,68.47457627,31.52542373
161,51,52177,1514,18,-15,1,85,-33,-39,13,439,650.125,48.09225513,51.90774487,650,48.06378132,51.93621868
318,12,858585,17445,73,-21,-12,-24,-37,-27,8,6760,5447.24,19.41952663,80.58047337,5447,19.42307692,80.57692308
247,51,124779,2662,10,-11,0,59,-29,-39,10,1111,1035.196,6.823042304,93.1769577,1035,6.840684068,93.15931593
230,1,109004,1925,27,-9,-2,30,-3,-29,6,571,1101.956,92.98704028,7.01295972,1102,92.99474606,7.00525394
98,37,3221,46,13,-36,-9,24,-44,-45,18,351,258.855,26.25213675,73.74786325,259,26.21082621,73.78917379
123,28,7441,291,10,-16,8,28,-15,-22,6,229,199.575,12.84934498,87.15065502,200,12.66375546,87.33624454
121,47,10735,199,7,-18,2,0,-25,-39,14,603,282.922,53.08092869,46.91907131,283,53.06799337,46.93200663
135,13,33657,1527,22,-17,-2,21,-40,-40,15,326,707.033,116.8812883,-16.88128834,707,116.8711656,-16.87116564
330,51,228901,4029,21,2,28,25,-26,-43,11,2600,2565.617,1.322423077,98.67757692,2566,1.307692308,98.69230769
91,1,999,13,7,-36,-11,-23,-26,-40,17,52,135.258,160.1115385,-60.11153846,135,159.6153846,-59.61538462
302,1,187706,2911,19,-13,-3,-15,-14,-24,7,1269,1384.704,9.117730496,90.8822695,1385,9.14105595,90.85894405
273,1,153554,2517,16,-11,-7,9,-10,-22,6,571,1321.634,131.4595447,-31.45954466,1322,131.5236427,-31.52364273
282,47,209447,2705,63,-8,-2,69,-9,-27,5,1992,1818.54,8.707831325,91.29216867,1819,8.684738956,91.31526104
88,21,394,9,1,-38,-6,100,-28,-29,9,92,95.462,3.763043478,96.23695652,95,3.260869565,96.73913043
202,45,71445,1164,9,-7,1,47,-6,-31,8,1459,1713.722,17.45867032,82.54132968,1714,17.47772447,82.52227553
104,28,3087,111,13,-27,-9,-14,-28,-40,14,145,194.565,34.18275862,65.81724138,195,34.48275862,65.51724138
287,28,106817,3140,25,-8,-3,27,6,-20,4,876,905.942,3.41803653,96.58196347,906,3.424657534,96.57534247
193,21,19121,622,2,-12,9,211,11,-9,1,451,512.4,13.61419069,86.38580931,512,13.52549889,86.47450111
289,13,358533,7492,22,-11,-4,22,-29,-30,8,1864,1628.298,12.64495708,87.35504292,1628,12.66094421,87.33905579
233,13,254163,4904,55,-16,-8,-2,-33,-35,11,2939,2867.813,2.422150391,97.57784961,2868,2.415787683,97.58421232
120,1,7105,260,17,-22,-4,-11,-24,-39,16,158,286.543,81.35632911,18.64367089,287,81.64556962,18.35443038
172,45,23786,644,5,-4,15,104,17,-8,1,1155,1104.347,4.385541126,95.61445887,1104,4.415584416,95.58441558
238,12,599176,10580,183,-25,-15,-26,-42,-35,10,2665,4582.108,71.93651032,28.06348968,4582,71.93245779,28.06754221
96,12,11961,221,26,-57,-33,-70,-70,-45,15,788,1106.475,40.41560914,59.58439086,1106,40.35532995,59.64467005
282,45,154755,3514,12,-7,-3,36,0,-24,6,1050,878.673,16.31685714,83.68314286,879,16.28571429,83.71428571
104,13,13289,481,34,-38,-16,-6,-52,-48,18,1086,905.421,16.62790055,83.37209945,905,16.66666667,83.33333333
267,1,147153,2488,31,-8,-5,14,-7,-24,6,569,972.608,70.93286467,29.06713533,973,71.00175747,28.99824253
248,1,130393,2266,33,-5,1,40,7,-29,5,1108,1214.585,9.619584838,90.38041516,1215,9.657039711,90.34296029
239,37,161466,2606,36,-13,-3,50,-27,-32,8,1342,1686.575,25.67622951,74.32377049,1687,25.70789866,74.29210134
327,45,206295,4283,9,-8,0,6,4,-11,3,1277,1705.17,33.5293657,66.4706343,1705,33.51605325,66.48394675
315,21,124646,1590,14,-13,-1,37,-7,-26,7,2079,2007.315,3.448051948,96.55194805,2007,3.463203463,96.53679654
248,51,125727,2677,15,-12,1,85,-26,-40,10,948,952.068,0.429113924,99.57088608,952,0.421940928,99.57805907
90,1,947,6,2,-33,-10,10,-25,-38,14,117,129.437,10.62991453,89.37008547,129,10.25641026,89.74358974
126,28,8422,374,32,-5,11,15,-10,-33,11,215,344.51,60.2372093,39.7627907,345,60.46511628,39.53488372
231,21,40299,830,12,-11,1,65,-11,-30,7,608,658.909,8.373190789,91.62680921,659,8.388157895,91.61184211
273,28,98190,2969,48,-8,-4,24,3,-18,4,1141,1075.344,5.754250657,94.24574934,1075,5.784399649,94.21560035
185,12,175718,3684,67,-19,0,-6,-42,-53,16,9415,5052.151,46.33934148,53.66065852,5052,46.3409453,53.6590547
184,51,63735,1816,30,-2,12,112,-23,-41,10,532,783.569,47.28740602,52.71259398,784,47.36842105,52.63157895
171,21,13454,522,2,-8,9,147,-5,-33,6,257,221.254,13.90894942,86.09105058,221,14.0077821,85.9922179
218,1,94819,1698,30,-2,4,51,0,-30,7,972,1403.234,44.36563786,55.63436214,1403,44.34156379,55.65843621
169,47,32143,497,4,1,8,98,-12,-29,7,313,677.859,116.5683706,-16.56837061,678,116.6134185,-16.61341853
131,45,7653,331,1,-17,11,26,-14,-26,4,122,114.652,6.02295082,93.97704918,115,5.737704918,94.26229508
314,13,406904,8223,29,-15,-7,12,-32,-27,8,1648,2660.755,61.4535801,38.5464199,2661,61.4684466,38.5315534
234,37,154018,2494,29,-15,-4,46,-26,-33,9,2075,1777.953,14.31551807,85.68448193,1778,14.31325301,85.68674699
265,28,94021,2846,36,-7,-7,20,2,-21,4,465,789.872,69.86494624,30.13505376,790,69.89247312,30.10752688
333,37,357958,5219,9,-20,-12,41,-24,-17,4,3444,2904.941,15.65211963,84.34788037,2905,15.6504065,84.3495935
218,12,497181,7627,225,-23,-16,-21,-42,-37,11,5408,5697.668,5.356286982,94.64371302,5698,5.362426036,94.63757396
237,13,264540,5156,24,-18,-9,7,-35,-34,10,2441,2024.696,17.05464973,82.94535027,2025,17.04219582,82.95780418
88,45,660,15,2,-35,-4,12,-32,-25,9,121,103.417,14.53140496,85.46859504,103,14.87603306,85.12396694
148,45,10623,466,20,-11,-3,-4,-6,-31,12,207,383.142,85.09275362,14.90724638,383,85.02415459,14.97584541
182,45,36399,739,19,0,6,48,1,-30,9,1755,1126.003,35.8402849,64.1597151,1126,35.84045584,64.15954416
327,1,232506,3457,0,-12,0,15,-1,-12,3,1798,2147.581,19.44276974,80.55723026,2148,19.46607341,80.53392659
289,28,109255,3160,8,-9,-5,16,8,-18,4,1116,921.25,17.45071685,82.54928315,921,17.47311828,82.52688172
139,21,7935,346,12,-22,-3,3,-25,-36,14,247,217.971,11.75263158,88.24736842,218,11.74089069,88.25910931
242,21,47577,921,3,-12,3,135,-2,-9,2,820,530.268,35.33317073,64.66682927,530,35.36585366,64.63414634
163,37,39483,1064,11,-11,2,46,-27,-33,11,1310,998.965,23.74312977,76.25687023,999,23.74045802,76.25954198
282,51,156649,3344,16,-15,-3,62,-30,-35,10,1114,1272.449,14.22342908,85.77657092,1272,14.18312388,85.81687612
100,12,16323,371,48,-46,-21,-46,-58,-50,21,1089,1102.528,1.242240588,98.75775941,1103,1.285583104,98.7144169
237,51,114636,2495,24,-15,-6,56,-35,-38,11,1006,984.5,2.137176938,97.86282306,985,2.087475149,97.91252485
170,45,21548,621,4,-2,5,63,4,-28,8,992,622.938,37.20383065,62.79616935,623,37.19758065,62.80241935
332,1,242874,3572,0,-21,-16,12,-30,-59,17,917,2128.562,132.1223555,-32.12235551,2129,132.17012,-32.17011996
100,13,10693,413,42,-37,-10,-10,-51,-51,21,613,961.405,56.8360522,43.1639478,961,56.76998369,43.23001631
103,1,3583,61,1,-64,-47,-50,-51,-45,13,321,400.89,24.88785047,75.11214953,401,24.92211838,75.07788162
140,28,11967,570,15,0,7,34,-5,-28,9,263,370.182,40.75361217,59.24638783,370,40.68441065,59.31558935
197,13,129193,3091,37,-8,-1,38,-31,-38,11,4102,3737.669,8.881789371,91.11821063,3738,8.873720137,91.12627986
