days,fips,tot_cases,tot_death,new_death,retail_and_recreation_%change,grocery_and_pharmacy_%change,parks_%change,transit_stations_%change,workplaces_%change,residential_%change,actual cases,predicted cases
89,12,4768,60,4,-50,-26,-48,-63,-41,13,891,608.643
67,21,1,0,0,15,16,85,15,4,-2,1,1.082
144,13,40366,1814,6,-18,2,62,-31,-18,5,979,680.722
78,45,60,1,0,-19,11,10,-4,-21,9,13,21.029
325,51,215680,3938,26,-18,-5,27,-31,-33,11,2348,2436.853
208,1,79294,1473,17,-13,-1,51,5,-18,4,1164,1828.581
270,37,206090,3440,31,-13,-1,73,-20,-10,2,1759,1564.605
258,28,90523,2734,28,-3,7,26,7,-21,2,505,930.331
131,28,9674,435,5,-11,14,39,-14,-23,3,173,217.517
225,12,545040,8765,212,-22,-15,-19,-42,-36,11,8059,5762.855
321,1,219232,3249,1,-12,-3,2,-9,-21,5,1410,1812.336
280,12,711358,14767,55,-22,-12,-30,-39,-30,8,2202,2353.656
214,12,474621,7022,179,-28,-11,-30,-46,-22,7,9591,8697.274
330,13,457909,9297,76,4,30,4,-20,-41,8,3177,3500.74
288,1,167977,2706,41,-8,-2,22,-5,-23,5,784,1097.079
120,12,32318,1218,47,-38,-18,-36,-51,-45,18,332,883.816
77,28,34,0,0,-3,21,34,2,-18,6,22,5.371
156,21,10705,458,8,-9,8,48,-13,-33,10,295,253.02
192,13,111956,2965,35,-13,-4,68,-31,-37,10,4623,3283.922
205,28,49663,1463,27,-5,0,27,2,-28,8,1610,1381.042
199,12,323002,4805,128,-25,-13,-20,-43,-37,13,11362,10129.055
152,47,23159,366,0,-6,7,105,-13,-14,2,439,286.24
282,13,348022,7294,35,-13,-6,22,-29,-30,8,1827,1796.692
295,28,113081,3231,8,-8,-5,21,7,-18,4,958,805.074
83,45,298,5,2,-34,-7,-21,-25,-30,13,103,81.549
236,51,113630,2471,28,-15,-4,96,-23,-15,3,1558,946.178
172,37,51399,1212,15,-13,8,95,-16,-10,2,1549,1500.994
240,47,149179,1673,25,-9,-3,56,-13,-28,6,1826,1309.344
106,51,6889,208,13,-33,-12,1,-49,-50,21,389,352.974
220,47,118782,1206,20,-8,-1,98,-10,-31,7,2432,1928.354
72,51,29,0,0,7,20,44,-3,-3,0,14,5.664
184,12,166303,3617,67,-16,-4,-10,-34,-37,11,10015,4575.811
122,51,16901,581,0,-30,-8,13,-45,-47,20,0,96.502
89,45,774,16,1,-38,-11,-4,-34,-34,9,114,110.795
206,37,109577,1746,20,-12,-1,69,-23,-34,9,2145,1862.363
180,13,77596,2778,2,-14,-4,55,-31,-15,4,2186,1870.686
257,28,90018,2706,9,-9,0,24,8,-19,1,144,599.647
176,37,56194,1271,20,-9,2,70,-22,-33,9,1724,1453.924
229,1,108433,1898,2,-11,0,51,6,-17,3,853,795.999
291,51,166138,3433,11,-13,1,99,-16,-11,2,900,964.483
193,51,70670,1966,4,-17,3,118,-15,-12,3,888,1013.372
130,12,40001,1715,46,-33,-3,-26,-49,-28,9,802,591.489
324,1,225910,3419,72,-13,-1,-3,-9,-21,6,2424,2616.248
186,28,30900,1111,4,-30,-2,53,-15,-30,5,226,571.13
307,21,109670,1492,3,-12,-4,2,-11,-27,8,1028,1367.09
221,1,100353,1751,20,-12,3,68,12,-10,2,1869,1514.344
143,1,13941,543,9,-11,4,40,-3,-32,11,294,377.459
199,13,137102,3132,28,-13,-3,69,-31,-38,10,4233,3871.012
166,51,54886,1552,6,-17,-2,109,-23,-15,4,380,689.044
154,51,46905,1428,21,-18,0,76,-35,-40,14,666,889.429
201,45,69986,1155,20,-10,3,57,8,-17,4,2374,1733.034
195,45,58168,972,11,-6,3,55,-4,-30,8,1520,1835.827
254,21,54772,1035,22,-11,2,94,-8,-31,5,795,810.54
200,47,76336,838,23,-11,6,131,1,-10,2,2517,1837.11
85,28,485,5,3,-24,-5,26,-13,-34,13,108,89.757
259,37,190645,3111,51,-10,0,79,-24,-30,7,1210,1330.197
144,28,13252,625,10,-9,8,45,-2,-16,4,247,324.909
146,45,10178,440,5,-13,0,68,-18,-65,18,82,274.159
317,51,199263,3785,27,-24,-13,-17,-40,-37,15,1235,2361.794
259,21,58000,1074,9,-7,4,101,-3,-27,5,718,836.027
152,51,45398,1392,17,-23,-4,96,-30,-17,5,791,1048.636
61,13,2,0,0,13,7,49,8,2,-2,0,1.608
82,1,157,0,0,-40,-7,2,-22,-27,9,26,57.564
328,37,339194,5039,5,-9,5,21,-31,-29,7,2419,2327.859
293,37,247172,3939,5,-11,-1,58,-21,-29,6,1144,1980.372
228,47,131747,1345,19,-10,3,97,-3,-11,2,1289,1683.816
320,28,134898,3545,2,-11,-7,4,2,-18,3,589,1291.261
70,47,7,0,0,8,8,26,3,-1,1,6,2.005
228,51,106691,2382,1,-22,-7,31,-22,-17,6,938,662.484
244,47,154933,1754,7,-8,-5,34,-16,-28,7,1818,1188.489
280,21,74194,1218,4,-10,1,69,-3,-29,5,1036,1097.972
93,21,770,31,11,-33,-3,42,-30,-46,17,90,94.268
147,47,21089,344,5,-7,4,54,-17,-32,10,358,384.276
130,1,9923,394,8,-15,20,39,-3,-18,5,284,232.722
140,21,8069,366,20,-20,4,30,-19,-37,13,134,320.978
222,12,527036,8186,77,-25,-16,-18,-43,-22,6,6190,6069.33
181,45,34644,720,4,-1,4,61,1,-29,8,1324,815.181
168,28,20641,939,24,6,10,57,3,-25,6,489,607.166
135,51,28672,977,22,-29,-6,40,-42,-46,18,859,1027.546
319,13,422905,8956,51,-12,-6,41,-25,-9,3,3035,3870.318
69,21,1,0,0,8,11,39,2,1,0,0,0.469
222,47,122712,1223,8,-7,3,94,-6,-16,2,2127,1625.783
106,1,4241,75,2,-19,-2,10,-24,-40,15,288,157.935
126,1,8679,323,23,-12,9,16,-14,-33,12,367,276.008
313,28,127205,3443,0,-10,-7,10,6,-16,2,516,611.758
257,21,56945,1060,3,-14,-1,85,1,-13,1,530,565.095
205,45,76606,1334,49,-6,1,43,-2,-31,9,1564,1695.122
163,21,11945,493,9,-4,11,113,-7,-32,8,62,243.354
246,12,626426,11501,127,-23,-16,-21,-41,-34,9,2310,3454.489
195,13,121518,3026,25,-10,-1,48,-34,-38,10,3790,3411.712
97,47,3803,65,21,-35,-9,3,-35,-43,16,170,310.998
161,45,15228,568,11,0,7,59,5,-28,8,428,403.404
84,37,398,0,0,-31,-4,-8,-38,-34,15,101,86.994
314,47,287770,3610,15,-10,-5,33,-14,-23,7,5919,2995.561
205,1,74344,1399,36,-8,2,31,1,-30,9,2458,1786.75
301,51,176754,3616,16,-15,-4,50,-32,-34,10,1345,1201.995
265,45,138124,3212,13,-7,-3,44,-6,-25,5,416,845.008
280,51,153691,3303,12,-13,-2,67,-34,-35,9,509,1007.97
77,21,26,0,0,-19,17,33,-6,-19,8,4,11.786
92,45,1293,26,4,-30,-3,-26,-26,-40,15,210,174.161
334,28,153270,3807,1,-23,-20,-34,14,-24,7,1485,1603.485
76,12,142,5,1,-6,14,0,-16,-18,6,6,59.519
206,45,78607,1385,51,-11,-2,37,-1,-31,9,2001,1692.427
219,45,96797,1943,49,-8,-2,34,-4,-31,9,1325,1489.133
169,28,20641,938,-1,8,9,55,8,-26,6,0,109.825
105,45,3553,97,10,-29,-6,-11,-27,-41,15,114,182.429
305,1,192285,2967,35,-11,6,47,-6,-9,-1,1789,1413.265
133,12,41923,1779,44,-30,-12,-24,-45,-39,15,941,544.629
329,12,938830,18157,72,-11,1,-21,-28,-34,8,8102,6858.713
304,21,105242,1476,15,-9,3,45,-6,-26,6,1937,1648.486
108,28,3793,140,0,-27,-9,-6,-29,-39,16,0,48.684
72,13,88,1,1,8,24,23,-2,-1,0,33,29.458
228,21,38930,810,6,-10,8,183,4,-11,1,632,702.443
332,37,354514,5210,72,-23,-15,51,-40,-60,16,8008,3479.812
289,21,84195,1296,20,-12,1,41,-3,-27,7,1182,1182.151
296,45,167485,3755,47,-8,-4,29,-3,-23,6,1128,1007.867
251,45,125607,2907,20,-8,-2,90,-8,-66,15,655,918.386
273,13,333811,6994,33,-16,-7,-21,-35,-31,10,1368,1598.22
240,45,114598,2628,55,-9,-3,31,-5,-28,7,505,1025.372
316,13,413415,8333,-397,-12,-8,-15,-33,-34,11,2232,1831.062
214,47,108184,1067,7,-6,7,108,1,-10,2,2225,1821.443
297,1,180916,2859,16,-11,-6,20,-8,-22,5,3852,1275.049
185,47,48712,633,13,1,19,157,-11,-55,11,1822,1539.431
116,28,5718,221,12,-26,-2,3,-25,-25,9,284,210.83
126,51,20256,713,29,-28,-6,5,-45,-47,19,764,929.299
93,13,5443,176,22,-29,11,-15,-46,-47,19,637,552.116
268,47,187544,2310,35,-12,-6,14,-16,-25,8,835,1482.352
142,1,13647,534,10,-5,9,40,-4,-30,10,347,311.622
270,47,190891,2374,22,-9,1,111,-8,-6,0,1437,1586.312
156,45,13005,525,7,-2,7,38,2,-28,9,354,349.63
206,28,51097,1480,17,-12,-7,18,-1,-30,9,1434,1198.063
133,37,15346,577,27,-20,1,42,-31,-38,14,301,583.288
114,12,28843,987,60,-43,-21,-47,-55,-47,20,1052,952.333
87,1,639,3,2,-30,-2,30,-24,-37,16,108,96.019
320,47,310937,3893,16,-10,-2,16,-14,-15,3,5817,3681.149
246,13,285667,5795,62,-11,-6,35,-31,-34,8,2386,2491.744
114,1,6071,198,11,-35,-13,-31,-33,-42,20,240,237.726
148,37,24629,794,28,-20,-6,-2,-32,-35,14,488,845.981
86,21,248,5,0,-33,-6,84,-27,-41,15,50,74.142
128,45,7142,316,11,-15,4,10,-15,-35,13,206,147.342
286,12,726934,15412,48,-22,-15,-24,-36,-33,8,1519,2277.817
289,12,735685,15736,141,-22,-13,-21,-34,-29,8,3286,3359.863
192,37,81534,1479,18,-12,0,85,-21,-34,9,2007,1887.666
283,13,350033,7348,54,-14,-8,27,-27,-31,8,2011,1867.924
208,21,27079,700,4,-11,2,136,2,-15,2,315,682.744
74,28,6,0,0,3,21,41,10,0,-1,5,1.223
170,21,13197,520,2,-6,9,93,-8,-32,8,202,220.56
174,37,53616,1223,3,-10,1,79,-23,-35,9,805,1284.345
102,12,18445,446,27,-49,-20,-54,-65,-40,15,997,927.683
236,12,594287,10325,51,-25,-16,-28,-44,-22,6,3004,2935.117
230,28,73207,2128,44,-7,-3,17,0,-27,5,1071,1005.561
107,21,2429,129,7,-28,-4,29,-31,-45,17,138,144.396
132,45,7792,346,15,-13,1,24,-14,-33,11,139,265.876
69,45,7,0,0,9,8,53,7,2,-1,1,1.808
245,21,49185,948,15,-6,6,77,-6,-29,6,789,836.81
190,12,220476,3953,112,-22,-12,-14,-39,-36,12,9882,8871.464
236,13,262099,5132,40,-17,-7,33,-32,-19,4,1812,2482.581
95,51,2407,52,6,-45,-14,4,-51,-34,14,395,313.657
96,1,1841,31,5,-50,-18,-1,-40,-36,12,208,239.999
194,21,19389,625,3,-10,3,122,1,-14,2,268,474.888
95,1,1633,26,5,-41,8,4,-33,-26,11,98,216.102
293,51,167754,3485,28,-14,-5,41,-32,-33,10,926,1133.337
205,37,107432,1726,28,-13,-2,44,-25,-35,11,1945,1935.869
85,21,198,5,1,-33,-5,69,-23,-40,15,35,59.872
265,1,145780,2439,2,-9,-4,28,-5,-26,5,818,776.947
263,45,137240,3188,11,-8,1,67,-2,-11,1,922,871.984
171,1,29017,823,13,-6,5,72,4,-29,6,803,728.894
98,21,1149,65,6,-33,-3,55,-28,-47,16,141,140.514
218,47,114098,1144,27,-3,5,101,-10,-32,7,1657,1804.087
240,12,605342,10868,135,-25,-16,-23,-41,-34,10,3229,3126.334
179,12,130092,3390,24,-26,-10,-13,-40,-17,6,9518,7358.035
274,21,68840,1174,4,-9,2,68,-5,-27,5,984,660.531
314,37,294860,4615,8,-14,-3,27,-28,-28,7,1521,2121.472
198,12,311640,4677,156,-22,-10,-15,-41,-37,12,13764,10504.8
311,47,273144,3541,32,-12,-7,38,-14,-23,6,1373,2703.394
298,37,258292,4144,30,-12,-1,100,-16,-10,1,2584,2419.346
255,1,136703,2333,32,-11,-6,38,-7,-26,4,1138,1168.297
220,21,33796,764,4,-9,4,159,-4,-32,7,542,554.286
127,13,28998,1327,69,-18,-2,17,-40,-42,15,802,664.154
121,13,25241,1111,57,-23,-4,-15,-44,-45,18,537,770.059
276,47,198403,2515,14,-7,-1,62,-10,-24,4,971,1437.008
99,13,10080,371,20,-39,-14,-6,-49,-52,20,1130,816.32
318,1,213617,3231,18,-12,-6,11,-11,-21,6,2980,2044.085
328,47,344550,4301,35,-5,2,18,-14,-28,8,4074,3641.111
239,47,147353,1648,20,-8,0,69,-16,-28,7,1936,1237.772
82,37,255,0,0,-39,-10,-7,-42,-29,9,71,74.967
240,28,81294,2413,14,-14,-10,8,-6,-24,8,599,797.695
248,21,51677,987,11,-8,6,133,3,-33,6,792,900.926
163,51,53211,1534,14,-17,-1,50,-35,-40,14,564,545.813
243,12,614753,11119,14,-27,-19,-34,-46,-23,6,2547,2105.218
197,1,59113,1211,45,-3,3,42,1,-31,8,1805,1805.566
151,47,22720,366,5,-9,8,133,-5,-5,1,484,657.132
289,45,161106,3607,14,-8,-3,25,-2,-24,6,1297,958.787
304,28,120160,3334,6,-10,-6,0,8,-25,2,824,667.898
83,1,196,0,0,-33,-6,-11,-22,-33,14,39,60.721
100,1,2838,48,0,-35,-4,5,-31,-43,18,339,106.95
129,28,9378,422,13,-20,-3,-12,-19,-34,15,288,287.834
173,13,64673,2643,1,-14,0,50,-35,-18,2,885,1316.673
191,28,34622,1215,11,-2,3,38,3,-29,8,1031,904.23
128,37,13397,507,30,-22,2,29,-37,-40,15,639,547.356
135,21,7225,328,2,-18,7,90,-17,-39,12,145,183.928
236,21,43529,881,9,-11,2,123,1,-12,1,463,661.068
254,37,184179,2990,32,-14,-3,49,-25,-33,7,1307,1348.541
295,51,170104,3524,9,-12,-3,56,-31,-34,10,1332,1171.495
138,45,8816,385,5,-12,4,51,-4,-23,5,155,225.309
220,51,99189,2322,5,-14,-2,76,-31,-39,11,1307,1352.111
284,47,212649,2758,26,-17,-6,29,-8,-11,4,1646,2018.107
317,12,851825,17372,72,-24,-17,-40,-41,-34,12,5504,4907.623
131,47,15060,243,1,-12,14,50,-20,-23,3,217,314.101
187,47,51431,646,9,-14,-4,79,-8,-21,3,1291,1398.49
161,12,64448,2765,53,-20,-10,-20,-41,-32,12,1070,1326.765
157,21,10977,466,8,-10,9,105,-10,-33,10,272,265.514
94,13,5931,198,22,-37,0,4,-50,-48,20,488,623.697
309,28,123887,3405,8,-7,-5,5,7,-17,4,1612,856.094
235,1,114532,2011,15,-13,0,53,2,-9,3,900,1268.266
244,45,118992,2720,11,-8,-3,26,-9,-27,6,668,913.711
173,21,13750,526,2,-11,7,89,-4,-13,1,120,256.204
149,21,9184,409,9,-8,10,74,-12,-34,10,107,246.186
308,47,266357,3454,75,-3,4,44,-15,-27,7,1770,2459.656
291,37,243725,3929,19,-10,-1,97,-13,-11,1,2102,2215.795
67,45,2,0,0,11,7,53,18,3,-2,2,4.676
306,13,390428,7981,2,-12,-7,24,-28,-16,3,1435,1537.29
111,45,4439,124,4,-30,-11,-25,-33,-40,16,62,171.977
288,45,159809,3593,17,-7,-3,27,-5,-24,6,926,900.904
306,47,261426,3353,0,-8,-1,38,-12,-16,2,754,2096.751
201,13,145038,3173,5,-15,-4,51,-31,-21,4,3193,2876.858
282,21,77455,1234,11,-11,0,77,-3,-29,6,868,1344.213
270,21,66036,1154,5,-11,4,175,3,-7,0,970,778.562
268,13,327158,6822,49,-17,-11,-24,-33,-32,11,1608,1966.498
104,21,2048,104,7,-37,-13,-16,-39,-46,19,85,151.104
251,37,181070,2897,7,-12,-1,134,-31,-69,14,1039,1233.932
176,13,69639,2698,11,-10,-3,25,-33,-36,11,1835,1679.701
326,28,143180,3676,19,-11,-4,19,19,-11,2,779,1678.236
302,51,178183,3636,20,-12,-3,40,-31,-34,10,1429,1269.442
112,1,5668,180,33,-23,-4,18,-23,-38,15,244,221.801
102,47,4863,100,2,-40,2,11,-36,-33,10,0,245.414
300,21,97866,1410,3,-14,-5,12,-7,-26,8,924,1264.251
190,21,17919,608,6,-4,8,97,-5,-32,8,400,401.373
314,51,194913,3726,13,-17,-8,29,-36,-32,11,1435,1461.275
168,47,31830,493,10,2,7,108,-12,-28,7,670,715.225
297,28,115088,3255,17,-13,-11,6,1,-19,4,1212,849.932
303,45,174591,3889,13,-9,-7,-1,-7,-27,7,1100,1051.536
90,28,937,20,4,-26,-6,4,-23,-34,13,90,130.818
242,51,119747,2569,1,-19,-4,46,-22,-14,5,938,774.219
317,28,131970,3519,5,-12,-8,9,3,-18,5,1305,1321.063
154,28,16322,782,14,5,8,43,3,-25,7,301,360.393
103,28,2942,98,5,-63,-44,-50,-49,-43,14,300,326.981
278,37,217496,3634,5,-11,-2,35,-21,-15,1,610,2022.09
334,51,237836,4062,4,-20,-12,19,-18,-15,5,1893,2602.586
152,21,9704,431,0,-9,10,153,-4,-13,2,0,60.216
188,13,97534,2878,18,-12,-4,20,-32,-41,11,1642,3088.056
234,51,112072,2443,7,-15,-5,74,-31,-39,11,1212,968.268
110,1,4946,165,52,-45,-24,-44,-45,-37,12,223,642.846
174,28,22287,978,40,-4,0,17,2,-28,7,1646,817.122
325,1,228373,3451,32,-12,-4,7,-7,-21,6,2463,2727.285
268,1,148206,2480,-8,-17,-10,-14,-12,-25,8,1053,940.13
218,51,95867,2299,25,-9,0,79,-31,-41,11,818,1179.481
293,13,364909,7657,19,-14,-6,35,-30,-28,7,1134,1530.042
109,21,2707,144,7,-34,-3,67,-29,-29,9,185,197.111
278,12,707751,14671,43,-23,-15,-44,-42,-22,5,1813,2066.656
210,1,82530,1493,1,-9,-1,24,-4,-30,9,1260,1578.05
118,21,4146,213,5,-20,-1,55,-27,-42,15,72,151.703
311,51,190874,3704,22,-17,-8,41,-32,-32,11,2103,1471.825
90,45,925,18,2,-30,-8,-1,-30,-36,13,151,126.895
83,47,615,2,0,-32,-2,-16,-27,-34,15,110,93.366
189,47,53514,665,12,-1,5,103,-9,-33,8,1359,1546.057
266,21,62731,1119,7,-11,0,79,-4,-28,6,814,782.68
320,21,137586,1661,3,-17,-3,16,-6,-13,4,1449,2286.893
274,45,147942,3378,19,-5,-3,23,-6,-25,5,308,842.768
223,51,101746,2344,17,-12,-4,69,-34,-39,11,996,911.599
246,37,173509,2779,38,-12,-4,45,-25,-33,8,1216,1771.585
265,12,677362,13317,21,-24,-17,-32,-40,-33,9,1671,1753.833
287,12,729591,15531,119,-22,-13,-21,-37,-30,8,2657,3317.556
142,51,34950,1136,37,-27,-6,14,-41,-45,18,813,968.59
90,13,3224,103,19,-34,-10,2,-47,-44,16,389,451.659
145,51,37727,1208,37,-29,-7,62,-40,-27,7,1483,1116.482
277,12,705938,14628,74,-22,-14,-33,-42,-19,4,2726,2885.292
86,45,456,9,2,-31,-6,-5,-24,-35,15,32,85.112
101,37,3908,74,9,-36,-6,12,-52,-57,21,257,341.564
253,12,644781,12115,200,-24,-17,-29,-42,-33,9,2006,3407.82
175,37,54470,1251,28,-9,3,77,-21,-34,10,854,1445.01
78,47,98,0,0,-15,14,21,-13,-22,9,25,26.83
205,12,385091,5518,173,-25,-16,-31,-43,-37,13,10171,9728.832
109,47,6763,145,4,-33,-4,2,-28,-27,9,433,210.049
252,12,642775,11915,44,-25,-15,-30,-38,-35,9,1797,2124.807
88,13,2592,79,14,-39,-10,14,-43,-28,12,225,313.395
190,45,48909,884,38,-5,2,36,-1,-32,9,1557,1509.012
228,45,105882,2260,56,-12,0,50,3,-13,3,1041,1281.958
330,21,166139,1835,26,-5,27,1,-6,-38,9,3301,2620.086
75,37,32,0,0,-8,13,-3,-14,-9,3,9,5.52
330,12,946956,18254,97,-4,15,-20,-24,-37,7,8126,6800.269
222,1,101334,1768,17,-11,1,49,5,-17,3,981,1270.032
180,1,36350,924,1,-10,1,58,11,-13,3,1245,732.666
101,47,4863,98,4,-36,-5,-5,-39,-53,20,228,244.044
153,12,55415,2460,9,-21,-9,-24,-42,-33,11,651,709.667
274,28,98886,2979,10,-4,-3,20,9,-19,3,696,752.713
214,51,91782,2218,3,-16,3,93,-16,-13,4,981,1063.374
74,1,1,0,0,1,28,55,12,4,0,0,2.241
102,51,5077,130,9,-40,-9,17,-49,-36,13,568,336.28
149,1,16729,594,10,-6,7,31,-4,-28,10,467,372.855
154,21,10185,442,3,-5,12,95,-10,-32,9,139,256.605
257,47,171824,2078,14,-12,-3,49,-12,-18,2,933,1585.229
125,51,19492,684,0,-26,-7,39,-45,-45,17,0,78.652
242,12,612206,11105,148,-26,-16,-22,-45,-20,5,3132,3440.804
248,47,160597,1837,22,-7,0,83,-6,-30,5,1051,1401.303
302,21,101494,1442,14,-13,-1,31,-7,-25,7,1857,1592.565
246,21,49991,966,18,-10,1,64,-8,-30,7,806,774.115
103,13,12203,447,15,-63,-42,-57,-65,-49,14,157,750.857
267,28,95310,2874,4,-11,-9,0,1,-20,6,737,542.602
320,13,424989,8957,1,-14,-7,13,-29,-16,3,2084,1899.646
321,51,206763,3835,30,-17,-6,13,-36,-32,11,2125,2114.438
122,13,26176,1167,56,-21,-2,45,-41,-43,15,935,732.364
160,51,51738,1496,19,-16,-3,70,-35,-38,13,487,632.261
288,37,236407,3856,40,-11,-3,49,-23,-29,7,1926,2039.413
92,13,4806,154,24,-30,1,-5,-44,-47,18,570,513.979
262,45,136318,3177,19,-9,-4,23,-7,-26,5,872,859.744
226,37,142636,2287,38,-12,-2,41,-24,-35,9,1978,1294.45
178,21,14859,553,7,-9,6,141,-3,-32,8,242,297.998
206,21,25931,691,7,-11,3,135,-6,-32,8,784,633.149
95,13,6353,208,10,-50,-18,-18,-53,-36,16,422,402.906
164,28,19348,889,21,-4,2,50,2,-26,6,865,549.587
188,51,66740,1881,28,-11,-1,75,-29,-42,12,638,723.127
238,21,44568,895,10,-12,1,80,-9,-32,7,669,719.485
228,37,145508,2343,30,-16,-3,41,-20,-15,4,1662,1444.299
113,28,5153,201,18,-18,-2,-5,-21,-38,14,437,241.465
260,13,313535,6419,21,-16,-12,-8,-36,-33,10,2669,1549.274
248,13,290938,5931,63,-11,-4,56,-23,-35,7,2298,2401.648
122,12,34728,1314,46,-36,-13,-27,-51,-43,18,1038,855.509
300,13,377553,7827,18,-15,-6,25,-30,-28,7,1346,1744.012
139,45,8942,391,6,-10,-1,15,-14,-30,11,126,201.139
64,12,2,0,0,6,6,14,1,1,0,0,1.312
284,21,79445,1249,7,-12,2,111,6,-9,2,989,1116.981
195,37,87756,1510,7,-9,2,77,-23,-35,9,1846,1780.254
300,51,175409,3600,19,-16,-6,24,-34,-32,11,1134,1210.555
134,13,33331,1505,41,-16,-2,32,-39,-40,14,558,609.691
324,37,325158,4936,38,-15,-2,2,-31,-28,9,4296,3430.966
191,12,229367,4009,56,-22,-10,-12,-39,-36,12,8891,9492.638
192,21,18670,620,8,-10,5,127,-4,-33,8,425,456.531
297,47,241513,3076,65,-10,-5,64,-9,-24,5,3606,2419.166
213,13,190734,3752,81,-11,-3,63,-30,-37,9,4308,4241.694
221,45,99460,2007,45,-10,3,80,7,-11,2,1241,1385.318
190,1,46991,1057,25,-3,3,40,1,-31,8,1170,1509.631
121,1,7306,280,20,-18,3,15,-18,-37,14,201,283.108
103,12,19337,461,15,-66,-49,-63,-69,-50,15,892,740.144
293,1,173485,2789,1,-12,-4,18,-8,-22,5,859,1080.958
155,45,12651,518,17,2,8,49,3,-28,8,236,519.816
87,37,764,3,1,-35,-6,38,-45,-39,16,128,118.223
249,37,178932,2889,50,-12,2,121,-14,-16,1,1586,1649.481
250,37,180031,2890,1,-9,1,105,-23,-19,1,1099,1295.303
235,51,112072,2443,0,-18,-1,88,-18,-13,3,0,639.554
223,21,35254,775,2,-9,0,65,-9,-32,9,272,438.855
218,45,95472,1894,47,-7,-2,34,-4,-32,8,1282,1394.666
211,47,100822,1020,21,-4,2,87,-13,-32,8,1778,2497.357
76,28,12,0,0,4,25,24,4,-14,4,2,3.39
129,47,14512,241,4,-21,-1,-21,-26,-37,15,346,370.427
143,13,39387,1808,50,-16,-1,51,-33,-38,13,1031,612.131
191,13,107333,2930,8,-10,-1,21,-32,-38,12,2838,2961.342
117,12,30680,1074,19,-47,-23,-52,-63,-40,12,684,671.857
264,1,144962,2437,0,-11,-2,46,-2,-16,2,798,875.961
71,51,15,0,0,7,9,40,0,-1,0,7,3.971
252,13,297429,6070,26,-14,-4,28,-29,-35,9,1744,1647.49
321,28,135803,3581,36,-11,-7,-1,3,-18,4,905,1504.419
261,12,666507,13086,147,-24,-16,-24,-39,-33,9,3273,2617.259
173,51,58465,1620,9,-16,1,104,-22,-14,3,471,661.902
212,47,102871,1033,13,-6,0,62,-12,-33,8,2049,2405.754
289,37,238939,3874,18,-11,-1,52,-20,-29,7,2532,2075.276
226,13,234964,4538,82,-12,-4,17,-30,-37,10,2816,3583.444
86,12,2352,29,6,-40,-14,-34,-51,-42,18,491,448.264
163,13,54011,2375,46,-9,2,44,-35,-35,11,1101,583.783
181,47,42297,592,8,-3,-1,65,-11,-31,9,2125,1224.931
295,21,90996,1363,21,-11,0,75,-3,-25,6,1452,1320.572
128,47,14166,237,-2,-12,6,35,-20,-35,11,228,244.381
270,13,330612,6914,40,-13,-6,58,-25,-11,2,1442,1820.054
234,47,140844,1549,61,-12,-6,47,-14,-30,8,1669,1335.14
87,13,2367,65,5,-35,-9,33,-45,-42,18,524,260.506
257,12,656485,12608,8,-27,-18,-42,-46,-23,6,2395,1923.666
279,1,159713,2559,1,-7,-2,21,-6,-24,4,544,889.385
197,37,91563,1568,16,-9,1,64,-25,-35,9,1816,1878.821
240,13,272456,5393,82,-15,-7,20,-33,-33,10,2819,2645.197
83,37,297,0,0,-32,-5,-17,-41,-33,14,42,77.282
316,28,130665,3514,17,-7,-5,6,5,-24,6,1271,1279.651
221,21,34758,772,8,-9,10,236,12,-8,0,962,840.103
249,51,126926,2678,1,-14,3,144,-16,-16,1,1199,810.391
162,21,11883,484,7,-4,11,81,-9,-32,9,175,253.854
253,13,299621,6128,58,-14,-7,37,-31,-34,8,2192,2148.969
149,37,25413,827,33,-15,0,21,-30,-34,13,784,896.73
311,28,125885,3433,14,-13,-12,0,1,-18,4,1031,1077.044
166,21,12445,499,0,-8,7,141,-1,-13,1,0,41.325
157,51,49397,1460,7,-22,-3,50,-35,-40,15,865,795.941
107,47,6262,141,7,-25,-3,1,-31,-42,15,426,194.906
216,51,94251,2244,26,-12,0,27,-36,-40,13,1145,1145.078
301,12,776215,16505,56,-21,-12,-23,-36,-29,8,4226,4000.865
286,28,105941,3115,14,-10,-8,18,4,-27,6,1009,883.527
309,47,269802,3478,24,-12,-4,35,-18,-23,7,3445,2492.357
148,28,14372,692,21,1,5,22,-2,-28,9,328,414.596
285,45,157406,3552,1,-11,-5,3,6,-16,4,785,861.148
206,1,76136,1439,40,-11,-3,37,0,-30,10,1792,1753.623
284,45,156621,3551,21,-12,-3,31,-5,-10,3,945,903.579
319,28,134309,3543,3,-10,-6,23,6,-11,2,969,1529.175
202,12,355899,5072,90,-23,-14,-20,-42,-37,11,10287,9748.722
320,37,312235,4806,50,-14,-4,13,-28,-14,3,3117,3691.647
324,28,140429,3642,23,-11,-5,2,4,-19,5,1638,1619.09
184,28,28770,1092,0,10,13,41,10,-31,7,0,312.564
250,45,124952,2887,10,0,5,96,3,-20,1,663,937.719
248,28,85939,2558,22,-8,-3,30,13,-26,4,823,750.434
68,45,6,0,0,12,7,38,24,2,-1,4,5.539
164,45,17170,593,5,-6,5,44,4,-29,8,729,514.437
146,13,41622,1830,3,-23,-4,67,-51,-70,20,532,735.178
155,21,10410,450,8,-3,16,98,-10,-32,9,225,272.982
97,37,2870,33,2,-36,-10,22,-46,-44,16,285,225.327
199,47,73819,815,19,-9,1,89,-9,-32,8,2279,2205.644
78,37,62,0,0,-22,9,28,-23,-25,10,22,15.065
84,1,242,0,0,-32,-5,4,-18,-34,15,46,81.281
121,28,7212,282,32,-10,6,15,-14,-35,12,643,291.649
152,37,28590,886,9,-15,1,75,-25,-15,4,916,732.34
237,37,158678,2535,4,-15,-3,48,-26,-33,8,1389,1427.299
212,13,186426,3671,29,-11,-3,18,-33,-38,11,4183,3934.788
105,12,20984,571,72,-46,-23,-52,-56,-48,20,590,993.706
161,51,52177,1514,18,-15,1,85,-33,-39,13,439,650.125
318,12,858585,17445,73,-21,-12,-24,-37,-27,8,6760,5447.24
247,51,124779,2662,10,-11,0,59,-29,-39,10,1111,1035.196
230,1,109004,1925,27,-9,-2,30,-3,-29,6,571,1101.956
98,37,3221,46,13,-36,-9,24,-44,-45,18,351,258.855
123,28,7441,291,10,-16,8,28,-15,-22,6,229,199.575
120,28,6569,250,0,-11,2,-7,-18,-37,14,0,14.276
121,47,10735,199,7,-18,2,0,-25,-39,14,603,282.922
135,13,33657,1527,22,-17,-2,21,-40,-40,15,326,707.033
330,51,228901,4029,21,2,28,25,-26,-43,11,2600,2565.617
91,1,999,13,7,-36,-11,-23,-26,-40,17,52,135.258
302,1,187706,2911,19,-13,-3,-15,-14,-24,7,1269,1384.704
273,1,153554,2517,16,-11,-7,9,-10,-22,6,571,1321.634
282,47,209447,2705,63,-8,-2,69,-9,-27,5,1992,1818.54
88,21,394,9,1,-38,-6,100,-28,-29,9,92,95.462
202,45,71445,1164,9,-7,1,47,-6,-31,8,1459,1713.722
104,28,3087,111,13,-27,-9,-14,-28,-40,14,145,194.565
287,28,106817,3140,25,-8,-3,27,6,-20,4,876,905.942
193,21,19121,622,2,-12,9,211,11,-9,1,451,512.4
289,13,358533,7492,22,-11,-4,22,-29,-30,8,1864,1628.298
233,13,254163,4904,55,-16,-8,-2,-33,-35,11,2939,2867.813
120,1,7105,260,17,-22,-4,-11,-24,-39,16,158,286.543
172,45,23786,644,5,-4,15,104,17,-8,1,1155,1104.347
238,12,599176,10580,183,-25,-15,-26,-42,-35,10,2665,4582.108
96,12,11961,221,26,-57,-33,-70,-70,-45,15,788,1106.475
282,45,154755,3514,12,-7,-3,36,0,-24,6,1050,878.673
104,13,13289,481,34,-38,-16,-6,-52,-48,18,1086,905.421
267,1,147153,2488,31,-8,-5,14,-7,-24,6,569,972.608
248,1,130393,2266,33,-5,1,40,7,-29,5,1108,1214.585
239,37,161466,2606,36,-13,-3,50,-27,-32,8,1342,1686.575
327,45,206295,4283,9,-8,0,6,4,-11,3,1277,1705.17
315,21,124646,1590,14,-13,-1,37,-7,-26,7,2079,2007.315
248,51,125727,2677,15,-12,1,85,-26,-40,10,948,952.068
90,1,947,6,2,-33,-10,10,-25,-38,14,117,129.437
126,28,8422,374,32,-5,11,15,-10,-33,11,215,344.51
231,21,40299,830,12,-11,1,65,-11,-30,7,608,658.909
273,28,98190,2969,48,-8,-4,24,3,-18,4,1141,1075.344
185,12,175718,3684,67,-19,0,-6,-42,-53,16,9415,5052.151
184,51,63735,1816,30,-2,12,112,-23,-41,10,532,783.569
171,21,13454,522,2,-8,9,147,-5,-33,6,257,221.254
218,1,94819,1698,30,-2,4,51,0,-30,7,972,1403.234
169,47,32143,497,4,1,8,98,-12,-29,7,313,677.859
131,45,7653,331,1,-17,11,26,-14,-26,4,122,114.652
314,13,406904,8223,29,-15,-7,12,-32,-27,8,1648,2660.755
234,37,154018,2494,29,-15,-4,46,-26,-33,9,2075,1777.953
265,28,94021,2846,36,-7,-7,20,2,-21,4,465,789.872
333,37,357958,5219,9,-20,-12,41,-24,-17,4,3444,2904.941
218,12,497181,7627,225,-23,-16,-21,-42,-37,11,5408,5697.668
237,13,264540,5156,24,-18,-9,7,-35,-34,10,2441,2024.696
88,45,660,15,2,-35,-4,12,-32,-25,9,121,103.417
148,45,10623,466,20,-11,-3,-4,-6,-31,12,207,383.142
182,45,36399,739,19,0,6,48,1,-30,9,1755,1126.003
327,1,232506,3457,0,-12,0,15,-1,-12,3,1798,2147.581
289,28,109255,3160,8,-9,-5,16,8,-18,4,1116,921.25
139,21,7935,346,12,-22,-3,3,-25,-36,14,247,217.971
242,21,47577,921,3,-12,3,135,-2,-9,2,820,530.268
163,37,39483,1064,11,-11,2,46,-27,-33,11,1310,998.965
282,51,156649,3344,16,-15,-3,62,-30,-35,10,1114,1272.449
100,12,16323,371,48,-46,-21,-46,-58,-50,21,1089,1102.528
237,51,114636,2495,24,-15,-6,56,-35,-38,11,1006,984.5
170,45,21548,621,4,-2,5,63,4,-28,8,992,622.938
332,1,242874,3572,0,-21,-16,12,-30,-59,17,917,2128.562
100,13,10693,413,42,-37,-10,-10,-51,-51,21,613,961.405
103,1,3583,61,1,-64,-47,-50,-51,-45,13,321,400.89
140,28,11967,570,15,0,7,34,-5,-28,9,263,370.182
197,13,129193,3091,37,-8,-1,38,-31,-38,11,4102,3737.669
