days,fips,tot_cases,tot_death,new_death,actual cases,predicted cases,%error,%accuracy,predicted rounded,rounded %error,rounded %accuracy
89,12,4768,60,4,891,546.36,38.68013468,61.31986532,546,38.72053872,61.27946128
67,21,1,0,0,1,-0.023,102.3,-2.3,0,100,0
144,13,40366,1814,6,979,592.684,39.46026558,60.53973442,593,39.42798774,60.57201226
78,45,60,1,0,13,14.288,9.907692308,90.09230769,14,7.692307692,92.30769231
325,51,215680,3938,26,2348,2356.438,0.359369676,99.64063032,2356,0.340715503,99.6592845
208,1,79294,1473,17,1164,1840.814,58.14553265,41.85446735,1841,58.16151203,41.83848797
270,37,206090,3440,31,1759,1571.267,10.67271177,89.32728823,1571,10.68789085,89.31210915
258,28,90523,2734,28,505,874.652,73.19841584,26.80158416,875,73.26732673,26.73267327
131,28,9674,435,5,173,195.044,12.74219653,87.25780347,195,12.71676301,87.28323699
225,12,545040,8765,212,8059,5774.128,28.35180543,71.64819457,5774,28.35339372,71.64660628
321,1,219232,3249,1,1410,1800.157,27.67070922,72.32929078,1800,27.65957447,72.34042553
280,12,711358,14767,55,2202,2211.583,0.435195277,99.56480472,2212,0.454132607,99.54586739
214,12,474621,7022,179,9591,8149.757,15.02703576,84.97296424,8150,15.02450214,84.97549786
330,13,457909,9297,76,3177,3232.507,1.747151401,98.2528486,3233,1.762669185,98.23733082
288,1,167977,2706,41,784,1178.862,50.36505102,49.63494898,1179,50.38265306,49.61734694
120,12,32318,1218,47,332,865.181,160.5966867,-60.59668675,865,160.5421687,-60.54216867
77,28,34,0,0,22,4.153,81.12272727,18.87727273,4,81.81818182,18.18181818
156,21,10705,458,8,295,288.191,2.308135593,97.69186441,288,2.372881356,97.62711864
192,13,111956,2965,35,4623,3279.925,29.0520225,70.9479775,3280,29.05040017,70.94959983
205,28,49663,1463,27,1610,1337.86,16.90310559,83.09689441,1338,16.89440994,83.10559006
199,12,323002,4805,128,11362,9983.782,12.13006513,87.86993487,9984,12.12814645,87.87185355
152,47,23159,366,0,439,272.914,37.83280182,62.16719818,273,37.81321185,62.18678815
282,13,348022,7294,35,1827,1779.445,2.60290093,97.39709907,1779,2.6272578,97.3727422
295,28,113081,3231,8,958,784.016,18.1611691,81.8388309,784,18.16283925,81.83716075
83,45,298,5,2,103,62.517,39.3038835,60.6961165,63,38.83495146,61.16504854
236,51,113630,2471,28,1558,968.618,37.82939666,62.17060334,969,37.80487805,62.19512195
172,37,51399,1212,15,1549,1316.567,15.0053583,84.9946417,1317,14.97740478,85.02259522
240,47,149179,1673,25,1826,1424.641,21.98023001,78.01976999,1425,21.96056955,78.03943045
106,51,6889,208,13,389,363.205,6.631105398,93.3688946,363,6.683804627,93.31619537
220,47,118782,1206,20,2432,1786.403,26.54592928,73.45407072,1786,26.5625,73.4375
72,51,29,0,0,14,3.147,77.52142857,22.47857143,3,78.57142857,21.42857143
184,12,166303,3617,67,10015,6258.524,37.50849725,62.49150275,6259,37.50374438,62.49625562
89,45,774,16,1,114,120.51,5.710526316,94.28947368,121,6.140350877,93.85964912
206,37,109577,1746,20,2145,2014.263,6.094965035,93.90503497,2014,6.107226107,93.89277389
180,13,77596,2778,2,2186,1879.857,14.0047118,85.9952882,1880,13.99817017,86.00182983
257,28,90018,2706,9,144,434.965,202.0590278,-102.0590278,435,202.0833333,-102.0833333
176,37,56194,1271,20,1724,1394.595,19.10701856,80.89298144,1395,19.08352668,80.91647332
229,1,108433,1898,2,853,800.892,6.108792497,93.8912075,801,6.096131301,93.9038687
291,51,166138,3433,11,900,1072.498,19.16644444,80.83355556,1072,19.11111111,80.88888889
193,51,70670,1966,4,888,906.713,2.10731982,97.89268018,907,2.13963964,97.86036036
130,12,40001,1715,46,802,416.186,48.10648379,51.89351621,416,48.12967581,51.87032419
324,1,225910,3419,72,2424,2519.319,3.93230198,96.06769802,2519,3.919141914,96.08085809
186,28,30900,1111,4,226,547.573,142.2889381,-42.28893805,548,142.4778761,-42.47787611
307,21,109670,1492,3,1028,1461.296,42.14941634,57.85058366,1461,42.12062257,57.87937743
221,1,100353,1751,20,1869,1571.568,15.91396469,84.08603531,1572,15.89085072,84.10914928
143,1,13941,543,9,294,394.087,34.04319728,65.95680272,394,34.01360544,65.98639456
199,13,137102,3132,28,4233,4017.274,5.096291047,94.90370895,4017,5.102763997,94.897236
166,51,54886,1552,6,380,591.17,55.57105263,44.42894737,591,55.52631579,44.47368421
154,51,46905,1428,21,666,930.086,39.65255255,60.34744745,930,39.63963964,60.36036036
201,45,69986,1155,20,2374,1780.406,25.00395956,74.99604044,1780,25.0210615,74.9789385
195,45,58168,972,11,1520,1973.989,29.86769737,70.13230263,1974,29.86842105,70.13157895
254,21,54772,1035,22,795,795.112,0.01408805,99.98591195,795,0,100
200,47,76336,838,23,2517,2107.594,16.26563369,83.73436631,2108,16.24950338,83.75049662
85,28,485,5,3,108,86.385,20.01388889,79.98611111,86,20.37037037,79.62962963
259,37,190645,3111,51,1210,1267.306,4.736033058,95.26396694,1267,4.710743802,95.2892562
144,28,13252,625,10,247,279.097,12.99473684,87.00526316,279,12.95546559,87.04453441
146,45,10178,440,5,82,225.527,175.0329268,-75.03292683,226,175.6097561,-75.6097561
317,51,199263,3785,27,1235,1568.69,27.0194332,72.9805668,1569,27.04453441,72.95546559
259,21,58000,1074,9,718,802.372,11.75097493,88.24902507,802,11.69916435,88.30083565
152,51,45398,1392,17,791,950.807,20.20316056,79.79683944,951,20.22756005,79.77243995
82,1,157,0,0,26,61.076,134.9076923,-34.90769231,61,134.6153846,-34.61538462
328,37,339194,5039,5,2419,2550.171,5.422529971,94.57747003,2550,5.415460934,94.58453907
293,37,247172,3939,5,1144,2152.388,88.1458042,11.8541958,2152,88.11188811,11.88811189
228,47,131747,1345,19,1289,1796.876,39.4007758,60.5992242,1797,39.41039566,60.58960434
320,28,134898,3545,2,589,1201.63,104.0118846,-4.01188455,1202,104.0747029,-4.074702886
70,47,7,0,0,6,2.813,53.11666667,46.88333333,3,50,50
228,51,106691,2382,1,938,613.825,34.56023454,65.43976546,614,34.54157783,65.45842217
244,47,154933,1754,7,1818,1332.381,26.71171617,73.28828383,1332,26.73267327,73.26732673
280,21,74194,1218,4,1036,938.004,9.459073359,90.54092664,938,9.459459459,90.54054054
93,21,770,31,11,90,114.692,27.43555556,72.56444444,115,27.77777778,72.22222222
147,47,21089,344,5,358,391.618,9.390502793,90.60949721,392,9.497206704,90.5027933
130,1,9923,394,8,284,237.912,16.22816901,83.77183099,238,16.1971831,83.8028169
140,21,8069,366,20,134,270.642,101.9716418,-1.971641791,271,102.238806,-2.23880597
222,12,527036,8186,77,6190,5745.991,7.173004847,92.82699515,5746,7.172859451,92.82714055
181,45,34644,720,4,1324,980.894,25.91435045,74.08564955,981,25.90634441,74.09365559
168,28,20641,939,24,489,588.238,20.29406953,79.70593047,588,20.24539877,79.75460123
135,51,28672,977,22,859,1108.76,29.07566938,70.92433062,1109,29.10360885,70.89639115
319,13,422905,8956,51,3035,3633.187,19.70962109,80.29037891,3633,19.70345964,80.29654036
222,47,122712,1223,8,2127,1491.829,29.86229431,70.13770569,1492,29.85425482,70.14574518
106,1,4241,75,2,288,215.843,25.05451389,74.94548611,216,25,75
126,1,8679,323,23,367,323.201,11.93433243,88.06566757,323,11.98910082,88.01089918
313,28,127205,3443,0,516,617.469,19.66453488,80.33546512,617,19.57364341,80.42635659
257,21,56945,1060,3,530,406.183,23.36169811,76.63830189,406,23.39622642,76.60377358
205,45,76606,1334,49,1564,1640.112,4.866496164,95.13350384,1640,4.859335038,95.14066496
163,21,11945,493,9,62,307.131,395.3725806,-295.3725806,307,395.1612903,-295.1612903
246,12,626426,11501,127,2310,3799.83,64.49480519,35.50519481,3800,64.5021645,35.4978355
195,13,121518,3026,25,3790,3343.892,11.77065963,88.22934037,3344,11.76781003,88.23218997
97,47,3803,65,21,170,515.095,202.9970588,-102.9970588,515,202.9411765,-102.9411765
161,45,15228,568,11,428,479.18,11.95794393,88.04205607,479,11.91588785,88.08411215
84,37,398,0,0,101,94.05,6.881188119,93.11881188,94,6.930693069,93.06930693
314,47,287770,3610,15,5919,3189.281,46.11790843,53.88209157,3189,46.12265585,53.87734415
205,1,74344,1399,36,2458,1655.739,32.63877136,67.36122864,1656,32.62815297,67.37184703
301,51,176754,3616,16,1345,1149.643,14.52468401,85.47531599,1150,14.49814126,85.50185874
265,45,138124,3212,13,416,710.979,70.90841346,29.09158654,711,70.91346154,29.08653846
280,51,153691,3303,12,509,854.225,67.82416503,32.17583497,854,67.77996071,32.22003929
77,21,26,0,0,4,5.603,40.075,59.925,6,50,50
92,45,1293,26,4,210,152.944,27.16952381,72.83047619,153,27.14285714,72.85714286
334,28,153270,3807,1,1485,1185.962,20.13723906,79.86276094,1186,20.13468013,79.86531987
76,12,142,5,1,6,64.99,983.1666667,-883.1666667,65,983.3333333,-883.3333333
206,45,78607,1385,51,2001,1610.954,19.49255372,80.50744628,1611,19.49025487,80.50974513
219,45,96797,1943,49,1325,1601.586,20.87441509,79.12558491,1602,20.90566038,79.09433962
105,45,3553,97,10,114,148.225,30.02192982,69.97807018,148,29.8245614,70.1754386
305,1,192285,2967,35,1789,1414.865,20.91307993,79.08692007,1415,20.90553382,79.09446618
133,12,41923,1779,44,941,438.663,53.38331562,46.61668438,439,53.34750266,46.65249734
329,12,938830,18157,72,8102,6783.314,16.27605529,83.72394471,6783,16.27993088,83.72006912
304,21,105242,1476,15,1937,1767.29,8.761486835,91.23851316,1767,8.776458441,91.22354156
72,13,88,1,1,33,30.176,8.557575758,91.44242424,30,9.090909091,90.90909091
228,21,38930,810,6,632,643.473,1.815348101,98.1846519,643,1.740506329,98.25949367
332,37,354514,5210,72,8008,3020.178,62.28548951,37.71451049,3020,62.28771229,37.71228771
289,21,84195,1296,20,1182,1212.496,2.580033841,97.41996616,1212,2.538071066,97.46192893
296,45,167485,3755,47,1128,1023.481,9.265868794,90.73413121,1023,9.308510638,90.69148936
251,45,125607,2907,20,655,751.245,14.69389313,85.30610687,751,14.65648855,85.34351145
273,13,333811,6994,33,1368,1283.26,6.194444444,93.80555556,1283,6.213450292,93.78654971
240,45,114598,2628,55,505,989.828,96.00554455,3.994455446,990,96.03960396,3.96039604
316,13,413415,8333,-397,2232,1408.312,36.90358423,63.09641577,1408,36.91756272,63.08243728
214,47,108184,1067,7,2225,1803.497,18.94395506,81.05604494,1803,18.96629213,81.03370787
297,1,180916,2859,16,3852,1446.035,62.46015057,37.53984943,1446,62.46105919,37.53894081
185,47,48712,633,13,1822,1509.501,17.151427,82.848573,1510,17.12403952,82.87596048
116,28,5718,221,12,284,252.082,11.23873239,88.76126761,252,11.26760563,88.73239437
126,51,20256,713,29,764,994.935,30.22709424,69.77290576,995,30.23560209,69.76439791
93,13,5443,176,22,637,928.567,45.77189953,54.22810047,929,45.83987441,54.16012559
268,47,187544,2310,35,835,1528.033,82.99796407,17.00203593,1528,82.99401198,17.00598802
142,1,13647,534,10,347,365.349,5.287896254,94.71210375,365,5.187319885,94.81268012
270,47,190891,2374,22,1437,1462.999,1.809255393,98.19074461,1463,1.809324983,98.19067502
156,45,13005,525,7,354,381.63,7.805084746,92.19491525,382,7.90960452,92.09039548
206,28,51097,1480,17,1434,1209.497,15.65571827,84.34428173,1209,15.69037657,84.30962343
133,37,15346,577,27,301,539.732,79.31295681,20.68704319,540,79.40199336,20.59800664
114,12,28843,987,60,1052,761.198,27.64277567,72.35722433,761,27.66159696,72.33840304
87,1,639,3,2,108,92.784,14.08888889,85.91111111,93,13.88888889,86.11111111
320,47,310937,3893,16,5817,4370.818,24.86130308,75.13869692,4371,24.85817432,75.14182568
246,13,285667,5795,62,2386,2571.224,7.762950545,92.23704946,2571,7.753562448,92.24643755
114,1,6071,198,11,240,122.347,49.02208333,50.97791667,122,49.16666667,50.83333333
148,37,24629,794,28,488,909.759,86.42602459,13.57397541,910,86.47540984,13.52459016
86,21,248,5,0,50,65.673,31.346,68.654,66,32,68
128,45,7142,316,11,206,167.104,18.8815534,81.1184466,167,18.93203883,81.06796117
286,12,726934,15412,48,1519,2267.755,49.29262673,50.70737327,2268,49.30875576,50.69124424
289,12,735685,15736,141,3286,3004.683,8.561077298,91.4389227,3005,8.55143031,91.44856969
192,37,81534,1479,18,2007,1891.367,5.761484803,94.2385152,1891,5.779770802,94.2202292
283,13,350033,7348,54,2011,1800.568,10.46404774,89.53595226,1801,10.44256589,89.55743411
208,21,27079,700,4,315,633.292,101.0450794,-1.045079365,633,100.952381,-0.952380952
74,28,6,0,0,5,1.223,75.54,24.46,1,80,20
170,21,13197,520,2,202,194.523,3.701485149,96.29851485,195,3.465346535,96.53465347
174,37,53616,1223,3,805,1319.46,63.90807453,36.09192547,1319,63.85093168,36.14906832
102,12,18445,446,27,997,970.145,2.693580742,97.30641926,970,2.708124373,97.29187563
236,12,594287,10325,51,3004,2750.809,8.428462051,91.57153795,2751,8.422103862,91.57789614
230,28,73207,2128,44,1071,1116.705,4.267507003,95.732493,1117,4.295051354,95.70494865
107,21,2429,129,7,138,120.118,12.95797101,87.04202899,120,13.04347826,86.95652174
132,45,7792,346,15,139,293.814,111.3769784,-11.37697842,294,111.5107914,-11.51079137
69,45,7,0,0,1,2.611,161.1,-61.1,3,200,-100
245,21,49185,948,15,789,620.105,21.40621039,78.59378961,620,21.41951838,78.58048162
190,12,220476,3953,112,9882,8641.945,12.54862376,87.45137624,8642,12.54806719,87.45193281
236,13,262099,5132,40,1812,2499.433,37.93780353,62.06219647,2499,37.91390728,62.08609272
95,51,2407,52,6,395,335.933,14.95367089,85.04632911,336,14.93670886,85.06329114
96,1,1841,31,5,208,209.604,0.771153846,99.22884615,210,0.961538462,99.03846154
194,21,19389,625,3,268,384.596,43.50597015,56.49402985,385,43.65671642,56.34328358
95,1,1633,26,5,98,236.604,141.4326531,-41.43265306,237,141.8367347,-41.83673469
293,51,167754,3485,28,926,940.477,1.563390929,98.43660907,940,1.51187905,98.48812095
205,37,107432,1726,28,1945,2054.132,5.610899743,94.38910026,2054,5.604113111,94.39588689
85,21,198,5,1,35,48.761,39.31714286,60.68285714,49,40,60
265,1,145780,2439,2,818,916.861,12.08569682,87.91430318,917,12.10268949,87.89731051
263,45,137240,3188,11,922,675.437,26.74219089,73.25780911,675,26.78958785,73.21041215
171,1,29017,823,13,803,654.061,18.54782067,81.45217933,654,18.55541719,81.44458281
98,21,1149,65,6,141,122.567,13.07304965,86.92695035,123,12.76595745,87.23404255
218,47,114098,1144,27,1657,1739.724,4.992395896,95.0076041,1740,5.009052505,94.9909475
240,12,605342,10868,135,3229,3303.025,2.29250542,97.70749458,3303,2.291731186,97.70826881
179,12,130092,3390,24,9518,7411.955,22.12696995,77.87303005,7412,22.12649716,77.87350284
274,21,68840,1174,4,984,568.1,42.26626016,57.73373984,568,42.27642276,57.72357724
314,37,294860,4615,8,1521,2354.005,54.76692965,45.23307035,2354,54.76660092,45.23339908
198,12,311640,4677,156,13764,9630.651,30.03014385,69.96985615,9631,30.02760825,69.97239175
311,47,273144,3541,32,1373,2885.881,110.1879825,-10.18798252,2886,110.1966497,-10.19664967
298,37,258292,4144,30,2584,2430.383,5.944930341,94.05506966,2430,5.959752322,94.04024768
255,1,136703,2333,32,1138,956.577,15.94226714,84.05773286,957,15.90509666,84.09490334
220,21,33796,764,4,542,566.835,4.582103321,95.41789668,567,4.612546125,95.38745387
127,13,28998,1327,69,802,655.734,18.23765586,81.76234414,656,18.20448878,81.79551122
121,13,25241,1111,57,537,805.7,50.03724395,49.96275605,806,50.09310987,49.90689013
276,47,198403,2515,14,971,1321.779,36.12554068,63.87445932,1322,36.14830072,63.85169928
99,13,10080,371,20,1130,819.335,27.49247788,72.50752212,819,27.52212389,72.47787611
318,1,213617,3231,18,2980,2162.038,27.44838926,72.55161074,2162,27.44966443,72.55033557
328,47,344550,4301,35,4074,4592.707,12.73213058,87.26786942,4593,12.73932253,87.26067747
239,47,147353,1648,20,1936,1044.907,46.02753099,53.97246901,1045,46.02272727,53.97727273
82,37,255,0,0,71,86.564,21.92112676,78.07887324,87,22.53521127,77.46478873
240,28,81294,2413,14,599,734.463,22.6148581,77.3851419,734,22.5375626,77.4624374
248,21,51677,987,11,792,817.414,3.208838384,96.79116162,817,3.156565657,96.84343434
163,51,53211,1534,14,564,566.834,0.50248227,99.49751773,567,0.531914894,99.46808511
243,12,614753,11119,14,2547,2096.966,17.66917943,82.33082057,2097,17.66784452,82.33215548
197,1,59113,1211,45,1805,1760.007,2.492686981,97.50731302,1760,2.493074792,97.50692521
151,47,22720,366,5,484,516.388,6.691735537,93.30826446,516,6.611570248,93.38842975
289,45,161106,3607,14,1297,920.306,29.04348497,70.95651503,920,29.06707787,70.93292213
304,28,120160,3334,6,824,562.169,31.7756068,68.2243932,562,31.7961165,68.2038835
83,1,196,0,0,39,59.47,52.48717949,47.51282051,59,51.28205128,48.71794872
100,1,2838,48,0,339,131.441,61.22684366,38.77315634,131,61.35693215,38.64306785
129,28,9378,422,13,288,290.094,0.727083333,99.27291667,290,0.694444444,99.30555556
173,13,64673,2643,1,885,1419.649,60.41231638,39.58768362,1420,60.4519774,39.5480226
191,28,34622,1215,11,1031,962.879,6.607274491,93.39272551,963,6.595538312,93.40446169
128,37,13397,507,30,639,585.229,8.41486698,91.58513302,585,8.450704225,91.54929577
135,21,7225,328,2,145,222.47,53.42758621,46.57241379,222,53.10344828,46.89655172
236,21,43529,881,9,463,734.536,58.64708423,41.35291577,735,58.74730022,41.25269978
254,37,184179,2990,32,1307,1329.874,1.750114767,98.24988523,1330,1.759755164,98.24024484
295,51,170104,3524,9,1332,1143.825,14.12725225,85.87274775,1144,14.11411411,85.88588589
138,45,8816,385,5,155,186.116,20.07483871,79.92516129,186,20,80
220,51,99189,2322,5,1307,1382.936,5.809946442,94.19005356,1383,5.814843152,94.18515685
284,47,212649,2758,26,1646,1770.876,7.586634265,92.41336574,1771,7.594167679,92.40583232
317,12,851825,17372,72,5504,4731.564,14.0340843,85.9659157,4732,14.02616279,85.97383721
131,47,15060,243,1,217,348.106,60.41751152,39.58248848,348,60.36866359,39.63133641
187,47,51431,646,9,1291,1345.179,4.196669249,95.80333075,1345,4.182804028,95.81719597
161,12,64448,2765,53,1070,1369.199,27.96252336,72.03747664,1369,27.94392523,72.05607477
157,21,10977,466,8,272,287.888,5.841176471,94.15882353,288,5.882352941,94.11764706
94,13,5931,198,22,488,896.105,83.62807377,16.37192623,896,83.60655738,16.39344262
309,28,123887,3405,8,1612,846.19,47.50682382,52.49317618,846,47.51861042,52.48138958
235,1,114532,2011,15,900,1296.009,44.001,55.999,1296,44,56
244,45,118992,2720,11,668,1046.865,56.71631737,43.28368263,1047,56.73652695,43.26347305
173,21,13750,526,2,120,190.893,59.0775,40.9225,191,59.16666667,40.83333333
149,21,9184,409,9,107,207.323,93.75981308,6.240186916,207,93.45794393,6.542056075
308,47,266357,3454,75,1770,2599.175,46.8460452,53.1539548,2599,46.83615819,53.16384181
291,37,243725,3929,19,2102,2163.496,2.925594672,97.07440533,2163,2.901998097,97.0980019
67,45,2,0,0,2,0.098,95.1,4.9,0,100,0
306,13,390428,7981,2,1435,1537.872,7.168780488,92.83121951,1538,7.177700348,92.82229965
111,45,4439,124,4,62,169.186,172.8806452,-72.88064516,169,172.5806452,-72.58064516
288,45,159809,3593,17,926,877.83,5.201943844,94.79805616,878,5.183585313,94.81641469
306,47,261426,3353,0,754,1840.905,144.1518568,-44.15185676,1841,144.1644562,-44.16445623
201,13,145038,3173,5,3193,2992.014,6.294581898,93.7054181,2992,6.295020357,93.70497964
282,21,77455,1234,11,868,1528.641,76.11071429,23.88928571,1529,76.15207373,23.84792627
270,21,66036,1154,5,970,535.292,44.81525773,55.18474227,535,44.84536082,55.15463918
268,13,327158,6822,49,1608,1874.68,16.58457711,83.41542289,1875,16.60447761,83.39552239
104,21,2048,104,7,85,123.568,45.37411765,54.62588235,124,45.88235294,54.11764706
251,37,181070,2897,7,1039,1220.328,17.45216554,82.54783446,1220,17.42059673,82.57940327
176,13,69639,2698,11,1835,1724.49,6.022343324,93.97765668,1724,6.049046322,93.95095368
326,28,143180,3676,19,779,1581.893,103.0671374,-3.067137356,1582,103.0808729,-3.080872914
302,51,178183,3636,20,1429,1214.56,15.00629811,84.99370189,1215,14.97550735,85.02449265
112,1,5668,180,33,244,266.826,9.354918033,90.64508197,267,9.426229508,90.57377049
300,21,97866,1410,3,924,1420.472,53.73073593,46.26926407,1420,53.67965368,46.32034632
190,21,17919,608,6,400,455.989,13.99725,86.00275,456,14,86
314,51,194913,3726,13,1435,1374.024,4.249198606,95.75080139,1374,4.25087108,95.74912892
168,47,31830,493,10,670,755.912,12.82268657,87.17731343,756,12.8358209,87.1641791
297,28,115088,3255,17,1212,853.454,29.5830033,70.4169967,853,29.62046205,70.37953795
303,45,174591,3889,13,1100,1012.912,7.917090909,92.08290909,1013,7.909090909,92.09090909
90,28,937,20,4,90,132.577,47.30777778,52.69222222,133,47.77777778,52.22222222
242,51,119747,2569,1,938,674.984,28.04008529,71.95991471,675,28.03837953,71.96162047
317,28,131970,3519,5,1305,1236.284,5.26559387,94.73440613,1236,5.287356322,94.71264368
154,28,16322,782,14,301,368.107,22.29468439,77.70531561,368,22.25913621,77.74086379
103,28,2942,98,5,300,188.337,37.221,62.779,188,37.33333333,62.66666667
278,37,217496,3634,5,610,2073.916,239.9862295,-139.9862295,2074,240,-140
334,51,237836,4062,4,1893,2528.092,33.54949815,66.45050185,2528,33.54463814,66.45536186
188,13,97534,2878,18,1642,3124.271,90.27228989,9.72771011,3124,90.25578563,9.744214373
234,51,112072,2443,7,1212,837.36,30.91089109,69.08910891,837,30.94059406,69.05940594
110,1,4946,165,52,223,552.45,147.735426,-47.73542601,552,147.5336323,-47.53363229
174,28,22287,978,40,1646,760.707,53.7845079,46.2154921,761,53.76670717,46.23329283
325,1,228373,3451,32,2463,2736.911,11.12103126,88.87896874,2737,11.12464474,88.87535526
268,1,148206,2480,-8,1053,928.41,11.83190883,88.16809117,928,11.8708452,88.1291548
218,51,95867,2299,25,818,1251.616,53.00929095,46.99070905,1252,53.05623472,46.94376528
293,13,364909,7657,19,1134,1536.934,35.53209877,64.46790123,1537,35.53791887,64.46208113
109,21,2707,144,7,185,130.176,29.63459459,70.36540541,130,29.72972973,70.27027027
278,12,707751,14671,43,1813,1741.888,3.922338665,96.07766133,1742,3.916161059,96.08383894
210,1,82530,1493,1,1260,1612.05,27.94047619,72.05952381,1612,27.93650794,72.06349206
118,21,4146,213,5,72,158.768,120.5111111,-20.51111111,159,120.8333333,-20.83333333
311,51,190874,3704,22,2103,1353.03,35.66191155,64.33808845,1353,35.66333809,64.33666191
90,45,925,18,2,151,131.312,13.0384106,86.9615894,131,13.24503311,86.75496689
83,47,615,2,0,110,86.071,21.75363636,78.24636364,86,21.81818182,78.18181818
189,47,53514,665,12,1359,1355.93,0.225901398,99.7740986,1356,0.220750552,99.77924945
266,21,62731,1119,7,814,889.616,9.289434889,90.71056511,890,9.336609337,90.66339066
320,21,137586,1661,3,1449,1898.205,31.0010352,68.9989648,1898,30.98688751,69.01311249
274,45,147942,3378,19,308,889.362,188.7538961,-88.7538961,889,188.6363636,-88.63636364
223,51,101746,2344,17,996,887.241,10.91957831,89.08042169,887,10.9437751,89.0562249
246,37,173509,2779,38,1216,1973.733,62.31356908,37.68643092,1974,62.33552632,37.66447368
265,12,677362,13317,21,1671,1997.921,19.56439258,80.43560742,1998,19.56912029,80.43087971
287,12,729591,15531,119,2657,3172.724,19.41001129,80.58998871,3173,19.42039895,80.57960105
142,51,34950,1136,37,813,971.716,19.52226322,80.47773678,972,19.55719557,80.44280443
90,13,3224,103,19,389,828.815,113.062982,-13.06298201,829,113.1105398,-13.11053985
145,51,37727,1208,37,1483,1042.925,29.67464599,70.32535401,1043,29.66958867,70.33041133
277,12,705938,14628,74,2726,2766.984,1.503448276,98.49655172,2767,1.504035216,98.49596478
86,45,456,9,2,32,80.531,151.659375,-51.659375,81,153.125,-53.125
101,37,3908,74,9,257,240.615,6.375486381,93.62451362,241,6.225680934,93.77431907
253,12,644781,12115,200,2006,3371.306,68.06111665,31.93888335,3371,68.04586241,31.95413759
175,37,54470,1251,28,854,1492.366,74.7501171,25.2498829,1492,74.70725995,25.29274005
78,47,98,0,0,25,26.903,7.612,92.388,27,8,92
205,12,385091,5518,173,10171,10580.215,4.023350703,95.9766493,10580,4.02123685,95.97876315
109,47,6763,145,4,433,179.008,58.65866051,41.34133949,179,58.66050808,41.33949192
252,12,642775,11915,44,1797,2231.387,24.17289928,75.82710072,2231,24.15136338,75.84863662
88,13,2592,79,14,225,608.401,170.4004444,-70.40044444,608,170.2222222,-70.22222222
190,45,48909,884,38,1557,1581.713,1.587219011,98.41278099,1582,1.605651895,98.39434811
228,45,105882,2260,56,1041,920.971,11.5301633,88.4698367,921,11.52737752,88.47262248
330,21,166139,1835,26,3301,3293.735,0.220084823,99.77991518,3294,0.212056952,99.78794305
75,37,32,0,0,9,5.975,33.61111111,66.38888889,6,33.33333333,66.66666667
330,12,946956,18254,97,8126,9596.242,18.09305932,81.90694068,9596,18.09008122,81.90991878
222,1,101334,1768,17,981,1337.296,36.3196738,63.6803262,1337,36.28950051,63.71049949
180,1,36350,924,1,1245,683.369,45.11092369,54.88907631,683,45.14056225,54.85943775
101,47,4863,98,4,228,289.982,27.18508772,72.81491228,290,27.19298246,72.80701754
153,12,55415,2460,9,651,828.647,27.28832565,72.71167435,829,27.34254992,72.65745008
274,28,98886,2979,10,696,662.846,4.763505747,95.23649425,663,4.74137931,95.25862069
214,51,91782,2218,3,981,1131.527,15.34424057,84.65575943,1132,15.39245668,84.60754332
102,51,5077,130,9,568,391.333,31.10334507,68.89665493,391,31.16197183,68.83802817
149,1,16729,594,10,467,473.138,1.314346895,98.6856531,473,1.284796574,98.71520343
154,21,10185,442,3,139,281.839,102.7618705,-2.761870504,282,102.8776978,-2.877697842
257,47,171824,2078,14,933,1498.548,60.61607717,39.38392283,1499,60.66452304,39.33547696
242,12,612206,11105,148,3132,3397.263,8.469444444,91.53055556,3397,8.461047254,91.53895275
248,47,160597,1837,22,1051,1457.016,38.63139867,61.36860133,1457,38.62987631,61.37012369
302,21,101494,1442,14,1857,1713.055,7.751480883,92.24851912,1713,7.754442649,92.24555735
246,21,49991,966,18,806,774.082,3.960049628,96.03995037,774,3.970223325,96.02977667
103,13,12203,447,15,157,653.929,316.5152866,-216.5152866,654,316.5605096,-216.5605096
267,28,95310,2874,4,737,465.136,36.88792402,63.11207598,465,36.9063772,63.0936228
320,13,424989,8957,1,2084,1504.141,27.82432821,72.17567179,1504,27.83109405,72.16890595
321,51,206763,3835,30,2125,2095.179,1.403341176,98.59665882,2095,1.411764706,98.58823529
122,13,26176,1167,56,935,776.617,16.93935829,83.06064171,777,16.89839572,83.10160428
160,51,51738,1496,19,487,742.881,52.54229979,47.45770021,743,52.56673511,47.43326489
288,37,236407,3856,40,1926,1946.545,1.066718588,98.93328141,1947,1.090342679,98.90965732
92,13,4806,154,24,570,934.034,63.86561404,36.13438596,934,63.85964912,36.14035088
262,45,136318,3177,19,872,873.786,0.204816514,99.79518349,874,0.229357798,99.7706422
226,37,142636,2287,38,1978,1206.842,38.9867543,61.0132457,1207,38.97876643,61.02123357
178,21,14859,553,7,242,242.785,0.324380165,99.67561983,243,0.41322314,99.58677686
206,21,25931,691,7,784,673.456,14.1,85.9,673,14.15816327,85.84183673
95,13,6353,208,10,422,296.032,29.85023697,70.14976303,296,29.85781991,70.14218009
164,28,19348,889,21,865,481.983,44.27942197,55.72057803,482,44.27745665,55.72254335
188,51,66740,1881,28,638,727.653,14.05219436,85.94780564,728,14.10658307,85.89341693
238,21,44568,895,10,669,737.404,10.22481315,89.77518685,737,10.16442451,89.83557549
228,37,145508,2343,30,1662,1236.187,25.62051745,74.37948255,1236,25.63176895,74.36823105
113,28,5153,201,18,437,316.203,27.6423341,72.3576659,316,27.68878719,72.31121281
260,13,313535,6419,21,2669,1504.694,43.62330461,56.37669539,1505,43.61183964,56.38816036
248,13,290938,5931,63,2298,2477.612,7.816013925,92.18398607,2478,7.832898172,92.16710183
122,12,34728,1314,46,1038,1026.487,1.109152216,98.89084778,1026,1.156069364,98.84393064
300,13,377553,7827,18,1346,1849.576,37.4127786,62.5872214,1850,37.44427935,62.55572065
139,45,8942,391,6,126,176.743,40.27222222,59.72777778,177,40.47619048,59.52380952
284,21,79445,1249,7,989,1014.839,2.612639029,97.38736097,1015,2.628918099,97.3710819
195,37,87756,1510,7,1846,1874.034,1.518634886,98.48136511,1874,1.516793066,98.48320693
300,51,175409,3600,19,1134,1072.967,5.382098765,94.61790123,1073,5.379188713,94.62081129
134,13,33331,1505,41,558,554.865,0.561827957,99.43817204,555,0.537634409,99.46236559
324,37,325158,4936,38,4296,3511.859,18.25281657,81.74718343,3512,18.24953445,81.75046555
191,12,229367,4009,56,8891,10166.62,14.34731751,85.65268249,10167,14.3515915,85.6484085
192,21,18670,620,8,425,430.647,1.328705882,98.67129412,431,1.411764706,98.58823529
297,47,241513,3076,65,3606,2437.131,32.41455907,67.58544093,2437,32.4181919,67.5818081
213,13,190734,3752,81,4308,4483.593,4.07597493,95.92402507,4484,4.08542247,95.91457753
221,45,99460,2007,45,1241,1337.39,7.767123288,92.23287671,1337,7.735697019,92.26430298
190,1,46991,1057,25,1170,1401.151,19.75649573,80.24350427,1401,19.74358974,80.25641026
121,1,7306,280,20,201,329.931,64.14477612,35.85522388,330,64.17910448,35.82089552
103,12,19337,461,15,892,707.336,20.70224215,79.29775785,707,20.73991031,79.26008969
293,1,173485,2789,1,859,1081.139,25.86018626,74.13981374,1081,25.84400466,74.15599534
155,45,12651,518,17,236,558.597,136.6936441,-36.69364407,559,136.8644068,-36.86440678
87,37,764,3,1,128,110.339,13.79765625,86.20234375,110,14.0625,85.9375
249,37,178932,2889,50,1586,1707.717,7.674464061,92.32553594,1708,7.692307692,92.30769231
250,37,180031,2890,1,1099,1255.831,14.27033667,85.72966333,1256,14.28571429,85.71428571
223,21,35254,775,2,272,362.156,33.14558824,66.85441176,362,33.08823529,66.91176471
218,45,95472,1894,47,1282,1361.324,6.187519501,93.8124805,1361,6.16224649,93.83775351
211,47,100822,1020,21,1778,2501.265,40.67857143,59.32142857,2501,40.66366704,59.33633296
76,28,12,0,0,2,2.928,46.4,53.6,3,50,50
129,47,14512,241,4,346,317.527,8.229190751,91.77080925,318,8.092485549,91.90751445
143,13,39387,1808,50,1031,588.825,42.88797284,57.11202716,589,42.87099903,57.12900097
191,13,107333,2930,8,2838,2686.263,5.346617336,94.65338266,2686,5.355884426,94.64411557
117,12,30680,1074,19,684,717.171,4.849561404,95.1504386,717,4.824561404,95.1754386
264,1,144962,2437,0,798,803.697,0.713909774,99.28609023,804,0.751879699,99.2481203
71,51,15,0,0,7,3.116,55.48571429,44.51428571,3,57.14285714,42.85714286
252,13,297429,6070,26,1744,1550.94,11.06995413,88.93004587,1551,11.06651376,88.93348624
321,28,135803,3581,36,905,1464.027,61.77093923,38.22906077,1464,61.7679558,38.2320442
261,12,666507,13086,147,3273,2813.729,14.03211121,85.96788879,2814,14.02383135,85.97616865
173,51,58465,1620,9,471,528.444,12.19617834,87.80382166,528,12.10191083,87.89808917
212,47,102871,1033,13,2049,2572.136,25.53128355,74.46871645,2572,25.52464617,74.47535383
289,37,238939,3874,18,2532,2074.099,18.08455766,81.91544234,2074,18.08846761,81.91153239
226,13,234964,4538,82,2816,3686.265,30.90429688,69.09570313,3686,30.89488636,69.10511364
86,12,2352,29,6,491,370.637,24.51384929,75.48615071,371,24.43991853,75.56008147
163,13,54011,2375,46,1101,447.481,59.3568574,40.6431426,447,59.40054496,40.59945504
181,47,42297,592,8,2125,1189.089,44.04287059,55.95712941,1189,44.04705882,55.95294118
295,21,90996,1363,21,1452,1285.925,11.43767218,88.56232782,1286,11.43250689,88.56749311
128,47,14166,237,-2,228,254.483,11.61535088,88.38464912,254,11.40350877,88.59649123
270,13,330612,6914,40,1442,1641.65,13.84535368,86.15464632,1642,13.86962552,86.13037448
234,47,140844,1549,61,1669,1347.266,19.27705213,80.72294787,1347,19.29298981,80.70701019
87,13,2367,65,5,524,345.306,34.1019084,65.8980916,345,34.16030534,65.83969466
257,12,656485,12608,8,2395,1919.655,19.8473904,80.1526096,1920,19.83298539,80.16701461
279,1,159713,2559,1,544,891.885,63.94944853,36.05055147,892,63.97058824,36.02941176
197,37,91563,1568,16,1816,1944.669,7.085297357,92.91470264,1945,7.103524229,92.89647577
240,13,272456,5393,82,2819,2670.022,5.284781838,94.71521816,2670,5.285562256,94.71443774
83,37,297,0,0,42,74.058,76.32857143,23.67142857,74,76.19047619,23.80952381
316,28,130665,3514,17,1271,1306.902,2.824704957,97.17529504,1307,2.832415421,97.16758458
221,21,34758,772,8,962,604.478,37.16444906,62.83555094,604,37.21413721,62.78586279
249,51,126926,2678,1,1199,697.161,41.85479566,58.14520434,697,41.86822352,58.13177648
162,21,11883,484,7,175,303.897,73.65542857,26.34457143,304,73.71428571,26.28571429
253,13,299621,6128,58,2192,2023.861,7.670574818,92.32942518,2024,7.664233577,92.33576642
149,37,25413,827,33,784,957.927,22.18456633,77.81543367,958,22.19387755,77.80612245
311,28,125885,3433,14,1031,909.188,11.81493695,88.18506305,909,11.83317168,88.16682832
157,51,49397,1460,7,865,839.779,2.915722543,97.08427746,840,2.89017341,97.10982659
107,47,6262,141,7,426,170.606,59.95164319,40.04835681,171,59.85915493,40.14084507
216,51,94251,2244,26,1145,975.479,14.80532751,85.19467249,975,14.84716157,85.15283843
301,12,776215,16505,56,4226,4034.494,4.531613819,95.46838618,4034,4.54330336,95.45669664
286,28,105941,3115,14,1009,949.395,5.907333994,94.09266601,949,5.946481665,94.05351833
309,47,269802,3478,24,3445,2521.942,26.79413643,73.20586357,2522,26.79245283,73.20754717
148,28,14372,692,21,328,386.868,17.94756098,82.05243902,387,17.98780488,82.01219512
285,45,157406,3552,1,785,799.428,1.837961783,98.16203822,799,1.78343949,98.21656051
206,1,76136,1439,40,1792,1603.222,10.53448661,89.46551339,1603,10.546875,89.453125
284,45,156621,3551,21,945,919.96,2.64973545,97.35026455,920,2.645502646,97.35449735
319,28,134309,3543,3,969,1263.33,30.374613,69.625387,1263,30.34055728,69.65944272
202,12,355899,5072,90,10287,10999.477,6.925993973,93.07400603,10999,6.921357053,93.07864295
320,37,312235,4806,50,3117,3531.305,13.29178697,86.70821303,3531,13.28200192,86.71799808
324,28,140429,3642,23,1638,1561.777,4.653418803,95.3465812,1562,4.63980464,95.36019536
250,45,124952,2887,10,663,837.535,26.32503771,73.67496229,838,26.39517345,73.60482655
248,28,85939,2558,22,823,776.487,5.65164034,94.34835966,776,5.710814095,94.28918591
68,45,6,0,0,4,1.989,50.275,49.725,2,50,50
164,45,17170,593,5,729,602.269,17.38422497,82.61577503,602,17.42112483,82.57887517
146,13,41622,1830,3,532,667.206,25.41466165,74.58533835,667,25.37593985,74.62406015
155,21,10410,450,8,225,297.143,32.06355556,67.93644444,297,32,68
97,37,2870,33,2,285,209.076,26.64,73.36,209,26.66666667,73.33333333
199,47,73819,815,19,2279,2175.158,4.556472137,95.44352786,2175,4.563405002,95.436595
78,37,62,0,0,22,15.125,31.25,68.75,15,31.81818182,68.18181818
84,1,242,0,0,46,85.403,85.65869565,14.34130435,85,84.7826087,15.2173913
121,28,7212,282,32,643,346.553,46.1037325,53.8962675,347,46.03421462,53.96578538
152,37,28590,886,9,916,723.481,21.01735808,78.98264192,723,21.069869,78.930131
237,37,158678,2535,4,1389,1432.845,3.156587473,96.84341253,1433,3.16774658,96.83225342
212,13,186426,3671,29,4183,4454.587,6.492636863,93.50736314,4455,6.50251016,93.49748984
105,12,20984,571,72,590,1033.895,75.23644068,24.76355932,1034,75.25423729,24.74576271
161,51,52177,1514,18,439,618.409,40.86765376,59.13234624,618,40.77448747,59.22551253
318,12,858585,17445,73,6760,4999.406,26.04428994,73.95571006,4999,26.05029586,73.94970414
247,51,124779,2662,10,1111,1049.749,5.513141314,94.48685869,1050,5.490549055,94.50945095
230,1,109004,1925,27,571,1130.632,98.00910683,1.99089317,1131,98.07355517,1.926444834
98,37,3221,46,13,351,246.533,29.76267806,70.23732194,247,29.62962963,70.37037037
123,28,7441,291,10,229,190.054,17.0069869,82.9930131,190,17.03056769,82.96943231
121,47,10735,199,7,603,345.462,42.70945274,57.29054726,345,42.78606965,57.21393035
135,13,33657,1527,22,326,670.87,105.7883436,-5.788343558,671,105.8282209,-5.828220859
330,51,228901,4029,21,2600,2342.285,9.912115385,90.08788462,2342,9.923076923,90.07692308
91,1,999,13,7,52,148.178,184.9576923,-84.95769231,148,184.6153846,-84.61538462
302,1,187706,2911,19,1269,1352.129,6.550748621,93.44925138,1352,6.540583136,93.45941686
273,1,153554,2517,16,571,1112.058,94.75621716,5.243782837,1112,94.74605954,5.253940455
282,47,209447,2705,63,1992,1753.07,11.99447791,88.00552209,1753,11.99799197,88.00200803
88,21,394,9,1,92,49.207,46.51413043,53.48586957,49,46.73913043,53.26086957
202,45,71445,1164,9,1459,1679.56,15.11720356,84.88279644,1680,15.14736121,84.85263879
104,28,3087,111,13,145,226.122,55.9462069,44.0537931,226,55.86206897,44.13793103
287,28,106817,3140,25,876,975.055,11.3076484,88.6923516,975,11.30136986,88.69863014
193,21,19121,622,2,451,364.553,19.16784922,80.83215078,365,19.06873614,80.93126386
289,13,358533,7492,22,1864,1500.119,19.52151288,80.47848712,1500,19.527897,80.472103
233,13,254163,4904,55,2939,2703.386,8.016808438,91.98319156,2703,8.029942157,91.97005784
120,1,7105,260,17,158,299.876,89.79493671,10.20506329,300,89.87341772,10.12658228
172,45,23786,644,5,1155,889.612,22.97731602,77.02268398,890,22.94372294,77.05627706
238,12,599176,10580,183,2665,5324.632,99.79857411,0.201425891,5325,99.81238274,0.187617261
96,12,11961,221,26,788,1136.673,44.24784264,55.75215736,1137,44.2893401,55.7106599
282,45,154755,3514,12,1050,892.346,15.01466667,84.98533333,892,15.04761905,84.95238095
104,13,13289,481,34,1086,959.397,11.65773481,88.34226519,959,11.69429098,88.30570902
267,1,147153,2488,31,569,1162.143,104.243058,-4.243057996,1162,104.2179262,-4.217926186
248,1,130393,2266,33,1108,1101.631,0.574819495,99.42518051,1102,0.541516245,99.45848375
239,37,161466,2606,36,1342,1681.831,25.32272727,74.67727273,1682,25.33532042,74.66467958
327,45,206295,4283,9,1277,1597.052,25.06280345,74.93719655,1597,25.0587314,74.9412686
315,21,124646,1590,14,2079,1915.694,7.855026455,92.14497354,1916,7.84030784,92.15969216
248,51,125727,2677,15,948,1020.087,7.604113924,92.39588608,1020,7.594936709,92.40506329
90,1,947,6,2,117,139.567,19.28803419,80.71196581,140,19.65811966,80.34188034
126,28,8422,374,32,215,373.731,73.82837209,26.17162791,374,73.95348837,26.04651163
231,21,40299,830,12,608,624.78,2.759868421,97.24013158,625,2.796052632,97.20394737
273,28,98190,2969,48,1141,1135.349,0.495267309,99.50473269,1135,0.525854514,99.47414549
185,12,175718,3684,67,9415,6997.471,25.67741901,74.32258099,6997,25.68242167,74.31757833
184,51,63735,1816,30,532,654.259,22.98101504,77.01898496,654,22.93233083,77.06766917
171,21,13454,522,2,257,189.185,26.38715953,73.61284047,189,26.45914397,73.54085603
218,1,94819,1698,30,972,1492.828,53.58312757,46.41687243,1493,53.60082305,46.39917695
169,47,32143,497,4,313,752.623,140.4546326,-40.45463259,753,140.5750799,-40.57507987
131,45,7653,331,1,122,190.094,55.8147541,44.1852459,190,55.73770492,44.26229508
314,13,406904,8223,29,1648,2600.57,57.80157767,42.19842233,2601,57.8276699,42.1723301
234,37,154018,2494,29,2075,1747.216,15.79681928,84.20318072,1747,15.80722892,84.19277108
265,28,94021,2846,36,465,803.852,72.87139785,27.12860215,804,72.90322581,27.09677419
333,37,357958,5219,9,3444,2788.603,19.03011034,80.96988966,2789,19.01858304,80.98141696
218,12,497181,7627,225,5408,6046.868,11.81338757,88.18661243,6047,11.8158284,88.1841716
237,13,264540,5156,24,2441,1987.48,18.57927079,81.42072921,1987,18.59893486,81.40106514
88,45,660,15,2,121,89.622,25.9322314,74.0677686,90,25.61983471,74.38016529
148,45,10623,466,20,207,461.903,123.1415459,-23.14154589,462,123.1884058,-23.1884058
182,45,36399,739,19,1755,1295.846,26.16262108,73.83737892,1296,26.15384615,73.84615385
327,1,232506,3457,0,1798,1777.041,1.165684093,98.83431591,1777,1.167964405,98.8320356
289,28,109255,3160,8,1116,902.37,19.14247312,80.85752688,902,19.17562724,80.82437276
139,21,7935,346,12,247,187.912,23.92226721,76.07773279,188,23.88663968,76.11336032
242,21,47577,921,3,820,388.009,52.68182927,47.31817073,388,52.68292683,47.31707317
163,37,39483,1064,11,1310,1115.871,14.81900763,85.18099237,1116,14.80916031,85.19083969
282,51,156649,3344,16,1114,1136.452,2.015439856,97.98456014,1136,1.97486535,98.02513465
100,12,16323,371,48,1089,1072.434,1.521212121,98.47878788,1072,1.561065197,98.4389348
237,51,114636,2495,24,1006,926.167,7.935685885,92.06431412,926,7.952286282,92.04771372
170,45,21548,621,4,992,623.201,37.17731855,62.82268145,623,37.19758065,62.80241935
332,1,242874,3572,0,917,1884.993,105.5608506,-5.5608506,1885,105.561614,-5.561613959
100,13,10693,413,42,613,1030.754,68.14910277,31.85089723,1031,68.18923328,31.81076672
103,1,3583,61,1,321,220.807,31.21277259,68.78722741,221,31.15264798,68.84735202
140,28,11967,570,15,263,366.498,39.35285171,60.64714829,366,39.1634981,60.8365019
197,13,129193,3091,37,4102,3848.092,6.189858606,93.81014139,3848,6.192101414,93.80789859
